NEGERI,SURAU,ALAMAT,POSKOD,DAERAH,NO. TELEFON,NO. FAKSIMILI
W.P. PUTRAJAYA,SURAU AL-MIZAN,"FASA 4A JALAN P8/B, PRESINT 8
62675, PUTRAJAYA.",62675,WILAYAH PERSEKUTUAN PUTRAJAYA,0192717135,0322731575
W.P. PUTRAJAYA,SURAU AL-FURQAN,"JALAN P11 A5/8, PRESINT 11, 
PUTRAJAYA.",63000,WILAYAH PERSEKUTUAN PUTRAJAYA,0192233756,0388842701
W.P. PUTRAJAYA,SURAU AR-RAHMAN,"JALAN P16D, 
PRESINT 16, PUTRAJAYA.",62250,WILAYAH PERSEKUTUAN PUTRAJAYA,0388889200,0388889200
W.P. PUTRAJAYA,SURAU AL-MUHAJIRIN,"JALAN P9G1 PRESINT 9,
PUTRAJAYA.",62250,WILAYAH PERSEKUTUAN PUTRAJAYA,0122304030,0388842701
W.P. PUTRAJAYA,SURAU PUTRA AL-AMIN,"KUARTERS KEDIAMAN KERAJAAN, FASA 4C, 
PRESINT 8, PUTRAJAYA.",62250,WILAYAH PERSEKUTUAN PUTRAJAYA,0193951481,0388842700
W.P. PUTRAJAYA,SURAU AL-MUNAWWARAH,"KUARTERS KERAJAAN PARCEL 5R3
PRESINT 5, PUTRAJAYA.",62200,WILAYAH PERSEKUTUAN PUTRAJAYA,0136920284,0388842701
W.P. PUTRAJAYA,SURAU AR-RAHIM,"LOT PT10786, JALAN P15H 1/3, 
PRESINT 15, PUTRAJAYA.",62050,WILAYAH PERSEKUTUAN PUTRAJAYA,0193385637,0388842701
W.P. PUTRAJAYA,SURAU AL-MUTTAQIN,"NO.1 JALAN P5A PARCEL 5R6,
PRESINT 5, WP PUTRAJAYA",62200,WILAYAH PERSEKUTUAN PUTRAJAYA,0166345778,0388842701
W.P. PUTRAJAYA,SURAU AL-IMAN,"NO.54, JALAN P9B1/4,
PRESINT 9, PUTRAJAYA.",62250,WILAYAH PERSEKUTUAN PUTRAJAYA,0122902641,0388842701
W.P. PUTRAJAYA,SURAU AL-MANAR,"NO.8, JALAN P14A 1/2, PRESINT 14, 
PUTRAJAYA.",62050,WILAYAH PERSEKUTUAN PUTRAJAYA,0172074144,0388842701
W.P. PUTRAJAYA,SURAU SEKOLAH SULTAN ALAM SHAH,"SEKOLAH ALAM SHAH, PARCEL G,PRESINT 1
PUTRAJAYA.",62520,WILAYAH PERSEKUTUAN PUTRAJAYA,0388883763,0388883614
W.P. PUTRAJAYA,SURAU AL-SYAKIRIN,"SEKOLAH MENENGAH KEBANGSAAN PUTRAJAYA PRESINT 14 (1),
NO. 1A JALAN P14, PUTRAJAYA.",62300,WILAYAH PERSEKUTUAN PUTRAJAYA,0340479444,0340449444
W.P. PUTRAJAYA,SURAU AN-NAJAH,"SEKOLAH RENDAH AGAMA AN-NAJAH
JALAN P9A, 
PRESINT 9, PUTRAJAYA.",62250,WILAYAH PERSEKUTUAN PUTRAJAYA,0193542980,088842701
W.P. PUTRAJAYA,SURAU MAHMOODIAH,"SRA PRESINT 18,JALAN P18C,PRESINT 18,62100 PUTRAJAYA.",62100,WILAYAH PERSEKUTUAN PUTRAJAYA,0192987981,0388842701
W.P. LABUAN,SURAU AL-HIKMAH,"BAHAGIAN HAL EHWAL ISLAM & MASJID
KAMPUS ANTARABANGSA LABUAN
JALAN JSG. PAGAR UMS-KAL
87000 W.P. LABUAN",87000,WILAYAH PERSEKUTUAN LABUAN,013-6848721,Tiada maklumat
W.P. LABUAN,SURAU UWAIS AL QARNI,"JALAN TANJUNG KUBONG
KG.PANTAI",87000,WILAYAH PERSEKUTUAN LABUAN,0111-6039091,Tiada maklumat
W.P. LABUAN,SURAU KHALID AL WALID,KAMPUNG BATU MANIKAR,87000,WILAYAH PERSEKUTUAN LABUAN,016-8396229,Tiada maklumat
W.P. LABUAN,SURAU AR-RAUDHAH,KAMPUNG BUKIT KUDA,87000,WILAYAH PERSEKUTUAN LABUAN,0168045260,Tiada maklumat
W.P. LABUAN,SURAU AL-HIJRAH,KAMPUNG SUNGAI MIRI,87000,WILAYAH PERSEKUTUAN LABUAN,019-8416564,Tiada maklumat
W.P. LABUAN,SURAU BAITUL MAKMUR,"KG. DURIAN TUNJONG
PETI SURAT 81416",87024,WILAYAH PERSEKUTUAN LABUAN,016-8404252,Tiada maklumat
W.P. LABUAN,SURAU AL-MUNAWWARAH,KG.PATAU-PATAU 1,87000,WILAYAH PERSEKUTUAN LABUAN,0138800704,Tiada maklumat
W.P. LABUAN,SURAU AN-NUR RAHIM,KG.SUNGAI BUTON,87000,WILAYAH PERSEKUTUAN LABUAN,017-8640223,Tiada maklumat
W.P. LABUAN,SURAU AL-IRFAN,"KOLEJ MATRIKULASI LABUAN
KEMENTERIAN PENDIDIKAN MALAYSIA
JALAN OKK DAUD MERINDING 
PETI SURAT 81735",87027,WILAYAH PERSEKUTUAN LABUAN,0195279608,087-466500
W.P. LABUAN,SURAU AS-SAADAH,PANGKALAN UDARA LABUAN,87009,WILAYAH PERSEKUTUAN LABUAN,0199562492,Tiada maklumat
W.P. LABUAN,SURAU NUR HIDAYAH,"PERUMAHAN KOS RENDAH BATU ARANG,
TAMAN RANCHA-RANCHA 2",87000,WILAYAH PERSEKUTUAN LABUAN,01112651953,Tiada maklumat
W.P. LABUAN,SURAU AT TAQWA,"PETRONAS METHANOL LABUAN
PETI SURAT 80079",87010,WILAYAH PERSEKUTUAN LABUAN,019-8503415,Tiada maklumat
W.P. LABUAN,SURAU DARUS SALAM,"PP 0222 
KG PATAU-PATAU NO 2",87000,WILAYAH PERSEKUTUAN LABUAN,016-8246193,Tiada maklumat
W.P. LABUAN,SURAU NURUL ISLAM,"PUSAT BANDAR
JALAN MERDEKA",87000,WILAYAH PERSEKUTUAN LABUAN,019-8821122,Tiada maklumat
W.P. LABUAN,SURAU AL-UBUDIYYAH,"TAMAN PERUMAHAN KAKITANGAN AWAM
JALAN BUKIT KUDA ",87000,WILAYAH PERSEKUTUAN LABUAN,0123061551,Tiada maklumat
W.P. KUALA LUMPUR,SURAU TABUNG HAJI,201 JALAN TUN RAZAK,50400,ZON 3,03-20542166,03-21640121
W.P. KUALA LUMPUR,SURAU NURUL HIDAYAH,3016 JALAN 7/116B KUCHAI ENTERPRENEURS PARK OFF JALAN KLANG LAMA,58200,ZON 5,Tiada maklumat,Tiada maklumat
W.P. KUALA LUMPUR,SURAU SILATURRAHIM,"4-0-2,                                       
PPR JALAN LAPANGAN TERBANG LAMA,",57100,ZON 3,Tiada maklumat,Tiada maklumat
W.P. KUALA LUMPUR,SURAU AS-SOBIRIN,"A-06-14 PPR RAYA PERMAI
JALAN SUNGAI BESI
",57100,ZON 5,Tiada maklumat,Tiada maklumat
W.P. KUALA LUMPUR,MADRASAH NURUL HUDA,"APARTMENT HJ ABDULLAH HUKUM
JALAN BANGSAR
",59200,ZON 6,Tiada maklumat,Tiada maklumat
W.P. KUALA LUMPUR,SURAU DARUL JALIL,"APARTMENT SRI RAKYAT, JALAN 14/155 C, BANDAR BUKIT JALIL",57000,ZON 5,Tiada maklumat,Tiada maklumat
W.P. KUALA LUMPUR,SURAU WAKAF AHMAD DAWJEE DADABHOY,"ARAS B1, MENARA BANK ISLAM
NO.22, JALAN PERAK
",50450,ZON 3,Tiada maklumat,Tiada maklumat
W.P. KUALA LUMPUR,SURAU IHSANIAH,"BLOK 4 KONDO RAKYAT, 
DESA PANTAI HILL PARK,",59200,ZON 6,Tiada maklumat,Tiada maklumat
W.P. KUALA LUMPUR,SURAU NUR AL-ABBAS AL-HABSHEE,"BLOK A TINGKAT BAWAH
PPR COCHRANE 2
JALAN PEEL",57100,ZON 3,Tiada maklumat,Tiada maklumat
W.P. KUALA LUMPUR,SURAU AL-HUSNA,"BLOK F, PPR SERI SEMARAK
JALAN AIR KEROH, SETAPAK
",53200,ZON 4,Tiada maklumat,Tiada maklumat
W.P. KUALA LUMPUR,MADRASAH NURUL ISLAM,"DESA PAHLAWAN JAYA, BATU 4, JALAN AMPANG",55000,ZON 3,03-92820494,Tiada maklumat
W.P. KUALA LUMPUR,SURAU MUHAJIRIN,"DESA REJANG, PERUMAHAN AWAM DBKL DESA REJANG, PERSIARAN REJANG, SETAPAK",53300,ZON 4,Tiada maklumat,Tiada maklumat
W.P. KUALA LUMPUR,SURAU AL-HUKAMA,"DEWAN BAHASA DAN PUSTAKA, PETI SURAT 10803",50928,ZON 3,019-2858575,03-21481373
W.P. KUALA LUMPUR,MADRASAH ISLAMIAH HKL,"HOSPITAL BESAR KUALA LUMPUR, KUALA LUMPUR",50586,ZON 3,03-42951870,Tiada maklumat
W.P. KUALA LUMPUR,SURAU IBNU SINA,"HOSPITAL UKM JALAN YAACOB LATIF, BANDAR TUN RAZAK, CHERAS",56000,ZON 5,Tiada maklumat,Tiada maklumat
W.P. KUALA LUMPUR,SURAU IPD DANG WANGI,"IBU PEJABAT POLIS DAERAH
JALAN DANG WANGI

",50100,ZON 3,Tiada maklumat,Tiada maklumat
W.P. KUALA LUMPUR,SURAU IJN,INSTITUT JANTUNG NEGARA,Tiada maklumat,ZON 3,Tiada maklumat,Tiada maklumat
W.P. KUALA LUMPUR,SURAU AT-TAQWA (IPGM),"INSTITUT PERGURUAN BAHASA MELAYU
MALAYSIA,
JALAN PANTAI BARU",59200,ZON 6,Tiada maklumat,Tiada maklumat
W.P. KUALA LUMPUR,SURAU AL-SYAKIRIN,"INSTITUT PERGURUAN TEKNIK, CHERAS",56100,ZON 5,Tiada maklumat,Tiada maklumat
W.P. KUALA LUMPUR,SURAU AR-RAUDHAH,"INSTITUT TADBIRAN AWAM NEGARA (INTAN),
JALAN BUKIT KIARA,",50480,ZON 6,Tiada maklumat,Tiada maklumat
W.P. KUALA LUMPUR,SURAU AS-SODIQIN,"JALAN 2/92B TAMAN KOBENA, CHERAS",56100,ZON 3,Tiada maklumat,Tiada maklumat
W.P. KUALA LUMPUR,SURAU AL-SYAKIRIN,"JALAN 30/56, KERAMAT WANGSA",54200,ZON 4,Tiada maklumat,Tiada maklumat
W.P. KUALA LUMPUR,SURAU TENAGA NASIONAL,JALAN BANGSAR,59200,ZON 6,Tiada maklumat,Tiada maklumat
W.P. KUALA LUMPUR,MADRASATUL EHSAN,"JALAN GOH BON
TAMAN TAYTON VIEW",56000,ZON 5,Tiada maklumat,Tiada maklumat
W.P. KUALA LUMPUR,SURAU AL-AMIN,"JALAN IKHLAS 7
BANDAR TUN RAZAK
",56000,ZON 5,Tiada maklumat,Tiada maklumat
W.P. KUALA LUMPUR,SURAU AR-RAHMAN PWTC,JALAN IPOH KUALA LUMPUR,Tiada maklumat,ZON 3,Tiada maklumat,Tiada maklumat
W.P. KUALA LUMPUR,SURAU ISTANA NEGARA,JALAN ISTANA NEGARA,50500,ZON 6,Tiada maklumat,Tiada maklumat
W.P. KUALA LUMPUR,SURAU AT-TAQWA,"JALAN JERJAK, TAMAN SETAPAK",53000,ZON 2,Tiada maklumat,Tiada maklumat
W.P. KUALA LUMPUR,MADRASATUL ISLAMIAH,"JALAN KUARI, KG. CHERAS BARU,",56100,ZON 3,012-6532099,Tiada maklumat
W.P. KUALA LUMPUR,SURAU INSTITUT LATIHAN PERINDUSTRIAN,JALAN KUCHAI LAMA,58200,ZON 5,Tiada maklumat,Tiada maklumat
W.P. KUALA LUMPUR,SURAU BUNGA RAYA,"JALAN MALINJA 1, TAMAN BUNGA RAYA, SETAPAK",53000,ZON 4,Tiada maklumat,Tiada maklumat
W.P. KUALA LUMPUR,SURAU RAJAIYAH,"JALAN RAJA UDA, KG. BARU",50300,ZON 3,019-3473749,Tiada maklumat
W.P. KUALA LUMPUR,SURAU TAMAN SETAPAK JAYA,"JALAN REJANG 4, TAMAN SETAPAK JAYA",53300,ZON 4,Tiada maklumat,Tiada maklumat
W.P. KUALA LUMPUR,SURAU BALAI ISLAM,"JALAN TUN RAZAK,",50400,ZON 4,Tiada maklumat,Tiada maklumat
W.P. KUALA LUMPUR,SURAU AL-MUSLIHIN,"JALAN1/108C
TAMAN SUNGAI BESI",57100,ZON 5,Tiada maklumat,Tiada maklumat
W.P. KUALA LUMPUR,SURAU ISTAC,"KAMPUS INSTITUT ANTARABANGSA PEMIKIRAN DAN TAMADUN ISLAM,
UNIVERSITI ISLAM ANTARABANGSA MALAYSIA,
NO 24 PERSIARAN DUTA,
OFF JALAN DUTA,",50480,ZON 6,Tiada maklumat,Tiada maklumat
W.P. KUALA LUMPUR,SURAU SALMAN AL-FARISI,"KEM BATU KENTOMEN, KG BATU, JALAN IPOH",50634,ZON 1,03-6253384/3391,03-62506902
W.P. KUALA LUMPUR,MADRASAH NAHDATUL DINIAH,"KG. MALAYSIA TAMBAHAN, JALAN 3/41 SG. BESI",57100,ZON 5,Tiada maklumat,Tiada maklumat
W.P. KUALA LUMPUR,MADRASATUL ASLAHIYAH,KG.KENANGA JALAN SANPENG,55200,ZON 3,Tiada maklumat,Tiada maklumat
W.P. KUALA LUMPUR,MADRASAH AS-SYUKRIAH,KG.PASIR BARU PETALING,58200,ZON 5,Tiada maklumat,Tiada maklumat
W.P. KUALA LUMPUR,SURAU AL-MUKMIN,"KOMPLEKS PERUMAHAN DESA PASIFIK
JALAN NO. 6, AMPANG KIRI",55000,ZON 4,Tiada maklumat,Tiada maklumat
W.P. KUALA LUMPUR,MADRASAH BUSTANUL ULUM,"KUARTERS JABATAN PERTANIAN,
JALAN SULTAN SALAHUDDIN,",50480,ZON 6,Tiada maklumat,Tiada maklumat
W.P. KUALA LUMPUR,SURAU MEDAN IDAMAN,"LOT 18, JALAN 13/12 D
MEDAN IDAMAN
KUALA LUMPUR",53100,ZON 2,Tiada maklumat,Tiada maklumat
W.P. KUALA LUMPUR,MADRASATUL AMALIAH,"LOT 2 B, JALAN 15, KAMPUNG CHERAS BARU",56100,ZON 3,012-3613943,Tiada maklumat
W.P. KUALA LUMPUR,SURAU AL-KHIR,"LOT 28188, JALAN 36/10, TAMAN KOPERASI POLIS FASA II KUALA LUMPUR",68100,ZON 1,Tiada maklumat,Tiada maklumat
W.P. KUALA LUMPUR,SURAU HARTAMAS,"LOT 51012 JALAN HARTAMAS 4,
SRI HARTAMAS",50480,ZON 6,Tiada maklumat,Tiada maklumat
W.P. KUALA LUMPUR,MADRASATUL GOUTHIYYAH,"LOT 627, KG.KHATIJAH BRICKFIELDS
JLN SULTAN ABDUL SAMAD
",50470,ZON 6,Tiada maklumat,Tiada maklumat
W.P. KUALA LUMPUR,SURAU IBADURRAHMAN,"LOT PT 8, PPR KAMPUNG LIMAU
96-05-17 PPR KG. LIMAU 
JLN. PANTAI DALAM
",59200,ZON 6,Tiada maklumat,Tiada maklumat
W.P. KUALA LUMPUR,SURAU AL-FAIZIN (MSN),"MAJLIS SUKAN NEGARA BUKIT JALIL, KUALA LUMPUR",57000,ZON 5,Tiada maklumat,Tiada maklumat
W.P. KUALA LUMPUR,SURAU AL-GHAZALI,"MAKTAB TENTERA DIRAJA KEM PERDANA SUNGAI BESI, KUALA LUMPUR",57000,ZON 5,Tiada maklumat,Tiada maklumat
W.P. KUALA LUMPUR,SURAU AL-BARAKAH,"MENARA KEMBAR BANK RAKYAT,
JALAN TRAVERS",59200,ZON 6,Tiada maklumat,Tiada maklumat
W.P. KUALA LUMPUR,SURAU MENARA TELEKOM,"MENARA TELEKOM, JALAN PANTAI BARU",50672,ZON 6,Tiada maklumat,Tiada maklumat
W.P. KUALA LUMPUR,SURAU AL-HIJRAH,"NO. 1, PPR PANTAI RIA,
JALAN PANTAI DALAM,
OFF JALAN KG. PASIR
",59200,ZON 6,Tiada maklumat,Tiada maklumat
W.P. KUALA LUMPUR,MADRASATUL ITTIFAQIYAH,"NO. 23 JALAN KERAMAT HUJUNG, DATUK KERAMAT",54000,ZON 4,Tiada maklumat,Tiada maklumat
W.P. KUALA LUMPUR,MADRASAH ISLAHIDDINIAH,"NO. 30 JALAN ANTOI
JALAN KEPONG BARU
KUALA LUMPUR",52100,ZON 1,Tiada maklumat,Tiada maklumat
W.P. KUALA LUMPUR,SURAU NUR IMAN,"NO. 6672 QUARTERS JKR SALAK SELATAN                         
BT 4 1/2 JALAN SG BESI 
",57100,ZON 3,Tiada maklumat,Tiada maklumat
W.P. KUALA LUMPUR,SURAU AL-FALAH,"OFF JALAN 3/23B DANAU KOTA
KUALA LUMPUR",53300,ZON 2,Tiada maklumat,Tiada maklumat
W.P. KUALA LUMPUR,SURAU AL-HIKMAH,"PPR BERINGIN
JINJANG UTARA
KUALA LUMPUR",52000,ZON 1,Tiada maklumat,Tiada maklumat
W.P. KUALA LUMPUR,SURAU AL-HIJRAH,"PPR INTAN BAIDURI
JALAN INTAN BAIDURI
KEPONG UTARA
KULA LUMPUR",52100,ZON 1,Tiada maklumat,Tiada maklumat
W.P. KUALA LUMPUR,SURAU NUR ASY-SYAKIRIN,"PPR KG. MUHIBBAH, JALAN PUCHONG MUHIBBAH, KUALA LUMPUR",58200,ZON 5,Tiada maklumat,Tiada maklumat
W.P. KUALA LUMPUR,SURAU AD-DEENIAH,"PUSAT PERUBATAN UNIVERSITI MALAYA,
LEMBAH PANTAI,",59100,ZON 6,03-79494422,03-79562253
W.P. KUALA LUMPUR,MADRASAH NURUL YAKIN,"PUSAT SERENTI, JALAN SUNGAI BESI",57100,ZON 5,Tiada maklumat,Tiada maklumat
W.P. KUALA LUMPUR,SURAU JABAL NUR,"SEKOLAH TUNAS BAKTI
SG. BESI",57100,ZON 5,Tiada maklumat,Tiada maklumat
W.P. KUALA LUMPUR,MADRASAH AS-SAADAH,"SEKSYEN 1, WANGSA MAJU, SETAPAK",53300,ZON 4,Tiada maklumat,Tiada maklumat
W.P. KUALA LUMPUR,SURAU DARUL HUDA,SEKSYEN 10 WANGSA MAJU,53300,ZON 4,Tiada maklumat,Tiada maklumat
W.P. KUALA LUMPUR,SURAU AT-TAQWA,"SENTUL, BLOK24-0-7 JALAN DATO' SENU 26, TAMAN SENTUL UTAMA",51000,ZON 2,0193593274,Tiada maklumat
W.P. KUALA LUMPUR,SURAU MUQARRABIN,"SMK SEGAMBUT JAYA, SEGAMBUT
KUALA LUMPUR",51200,ZON 1,Tiada maklumat,Tiada maklumat
W.P. KUALA LUMPUR,SURAU KHADIJAH AL-KHUWAILID,"SMK SERI BINTANG UTARA
3/9 1 TAMAN SHAMELIN PERKASA CHERAS",56100,ZON 3,03-92837924,Tiada maklumat
W.P. KUALA LUMPUR,SURAU AN-NAIM,"SURAU AN-NAIM
101 JALAN 11/27A
SEKSYEN 5 WANGSA MAJU
",533000,ZON 4,Tiada maklumat,Tiada maklumat
W.P. KUALA LUMPUR,SURAU AT-TAQWA,"SURAU PPR BLOK B 
KAMPUNG BARU AIR PANAS",53300,ZON 4,Tiada maklumat,Tiada maklumat
W.P. KUALA LUMPUR,SURAU AL-MUBARAKAH,"TAMAN BUKIT CHERAS,
CHERAS",56000,ZON 5,Tiada maklumat,Tiada maklumat
W.P. KUALA LUMPUR,MADRASAH RAUDHATUL MUTTAQIN,"TAMAN DATO SENU
JALAN SENTUL
KUALA LUMPUR",51000,ZON 2,0193566107,Tiada maklumat
W.P. KUALA LUMPUR,MADRASAH IKHTISAMIAH,"TAMAN MELATI, GOMBAK,",53100,ZON 2,Tiada maklumat,Tiada maklumat
W.P. KUALA LUMPUR,MADRASAH AL-KHAIRIAH,TAMAN SALAK JAYA,57100,ZON 5,Tiada maklumat,Tiada maklumat
W.P. KUALA LUMPUR,SURAU AL-HIDAYAH,"TINGKAT 1,HENTIAN PUDU RAYA,
JALAN PUDU,",55100,ZON 3,Tiada maklumat,Tiada maklumat
W.P. KUALA LUMPUR,SURAU AL-INSAF (MENARA MAYBANK),"TINGKAT 11, MENARA MAYBANK,
BUKIT MAHKAMAH,
NO. 100, JALAN TUN PERAK,
P.O. BOX 12010,",50936,ZON 3,Tiada maklumat,Tiada maklumat
W.P. KUALA LUMPUR,SURAU AS-SAKINAH (SURAU JUMAAT),"TINGKAT 2, MENARA BUMIPUTRA
N0 21, JALAN MELAKA,

(NO PENDAFTARAN: JAWI.K.Z3/M019/SB00449(2017)",50100,ZON 3,Tiada maklumat,Tiada maklumat
W.P. KUALA LUMPUR,SURAU AN-NUR,"TINGKAT 6, TOWER 1
RHB CENTER
JALAN TUN RAZAK

NO PENDAFTARAN: JAWI.K.(Z3)/005/1/13",50450,ZON 3,Tiada maklumat,Tiada maklumat
W.P. KUALA LUMPUR,SURAU AL-HIDAYAH,"TINGKAT BAWAH BLOK A
PPR TAMAN WAHYU 2
OFF JALAN SIBU, JALAN IPOH
KUALA LUMPUR",51200,ZON 1,Tiada maklumat,Tiada maklumat
W.P. KUALA LUMPUR,SURAU MUHAMMAD AL FATEH (SURAU AL-JAZAARI),"UNIT PERTAHANAN NASIONAL 
MALAYSIA, KEM SUNGAI BESI
",57000,ZON 5,Tiada maklumat,Tiada maklumat
W.P. KUALA LUMPUR,SURAU AKADEMI PENGAJIAN ISLAM,UNIVERSITI MALAYA,59000,ZON 6,03-79676010,03-79676143
SELANGOR,SURAU SILATULRAHIM,"BATU 11, GOMBAK UTARA,
53100 KUALA LUMPUR",Tiada maklumat,GOMBAK,Tiada maklumat,Tiada maklumat
SELANGOR,SURAU AL-MUTTAQIN,"DESA MAS LOT 31708,
JALAN BANDAR COUNTRY HOMES,
48000 RAWANG,
SELANGOR DARUL EHSAN.",48000,GOMBAK,Tiada maklumat,Tiada maklumat
SELANGOR,SURAU AT-TARBIAH,"FASA 4, TAMAN MELAWATI,
53100 KUALA LUMPUR",53100,GOMBAK,Tiada maklumat,Tiada maklumat
SELANGOR,SURAU NUR AS-SOBIRIN,"JALAN 3/16, BTP 2, BANDAR TASIK PUTERI,
48020 RAWANG, 
SELANGOR ",48020,GOMBAK,Tiada maklumat,Tiada maklumat
SELANGOR,SURAU MASJID LAMA AL-HIDAYAH,"JALA MELAWATI 5, TAMAN MELAWATI,
HULU KLANG,
53100 KUALA LUMPUR
",53100,GOMBAK,Tiada maklumat,Tiada maklumat
SELANGOR,SURAU AL-IKHWAN,"JALAN PELANGI 8, TAMAN PELANGI,
48000 RAWANG, 
SELANGOR 
",48000,GOMBAK,Tiada maklumat,Tiada maklumat
SELANGOR,SURAU TAMAN PERMATA,"JALAN PERMATA 4, 
TAMAN PERMATA,HULU KLANG, 
53300 KUALA LUMPUR
",53300,GOMBAK,Tiada maklumat,Tiada maklumat
SELANGOR,MADRASAH AS-SIDDIQIN,"JALAN PUTERI 7/1,
BANDAR TASIK PUTERI,
48020 RAWANG, SELANGOR
",48020,GOMBAK,Tiada maklumat,Tiada maklumat
SELANGOR,SURAU NUR IKHWAN,"
JALAN RP 4/5, 
TAMAN RAWANG PERDANA,
48000 RAWANG, SELANGOR
",48000,GOMBAK,Tiada maklumat,Tiada maklumat
SELANGOR,SURAU AL-HUSNA,"
JALAN SELASEH 7, 
TAMAN SELASEH FASA SATU,
68100 BATU CAVES, SELANGOR
",68100,GOMBAK,Tiada maklumat,Tiada maklumat
SELANGOR,SURAU ZOLKIFLI AL-ANSAR,"
JALAN TRJ SATU, 
TAMAN RAHMAT JAYA, KUNDANG,
48050 RAWANG, 
SELANGOR DARUL EHSAN
",48050,GOMBAK,Tiada maklumat,Tiada maklumat
SELANGOR,SURAU AT-TAQWA,"
JALAN UP3/1, TAMAN UKAY PERDANA, 
68000 AMPANG, 
SELANGOR 
",68000,GOMBAK,Tiada maklumat,Tiada maklumat
SELANGOR,SURAU AL-RAUDHAH,"
JLN. KOTA PUTERI 5/1,
SEKSYEN 5 KOTA PUTERI,
48000 BATU ARANG, RAWANG, SELANGOR.
",48000,GOMBAK,Tiada maklumat,Tiada maklumat
SELANGOR,SURAU AN-NASIHIN,"
KAMPUNG SG. KERTAS,
68100 BATU CAVES, 
SELANGOR
",68100,GOMBAK,Tiada maklumat,Tiada maklumat
SELANGOR,SURAU KAMPUNG SUNGAI PUSU,"
KAMPUNG SUNGAI PUSU, GOMBAK,
53100 KUALA LUMPUR
",53100,GOMBAK,Tiada maklumat,Tiada maklumat
SELANGOR,SURAU AN-NUR,"
KOMPLEKS PENJARA SG. BULOH,
47000 SG. BULOH, 
SELANGOR DARUL EHSAN
",47000,GOMBAK,Tiada maklumat,Tiada maklumat
SELANGOR,SURAU AL-AKHYAR,"
LOT 314, JALAN TEMPLER SUASANA 1,
TEMPLER SUASANA, TEMPLER PARK RESORT, 48000 RAWANG, SELANGOR
",48000,GOMBAK,Tiada maklumat,Tiada maklumat
SELANGOR,SURAU AL-IKHWAN,"
LOT 9337, JALAN SAMUDRA UTARA 9, TAMAN SAMUDRA,
68100 BATU CAVES, 
SELANGOR DARUL EHSAN
",68100,GOMBAK,Tiada maklumat,Tiada maklumat
SELANGOR,SURAU KRAFTANGAN MALAYSIA,"
NO. 1, K.M. 20, JALAN IPOH Ã¢Â‚¬Â€Œ RAWANG, 
TAMAN REKREASI TEMPLER,
48000 RAWANG, SELANGOR.
",48000,GOMBAK,Tiada maklumat,Tiada maklumat
SELANGOR,SURAU BUKIT MULIA (JABAL ASYRAF) ,"
NO. PLOT 11435 & 6, JLN MULIA 1/5, 
TAMAN BUKIT MULIA, BUKIT ANTARABANGSA,
68000 AMPANG, SELANGOR.
",68000,GOMBAK,Tiada maklumat,Tiada maklumat
SELANGOR,SURAU AL-JANNAH,"
TAMAN JASA UTAMA, SG. TUA,
68100 BATU CAVES, 
SELANGOR DARUL EHSAN.
",68100,GOMBAK,Tiada maklumat,Tiada maklumat
SELANGOR,SURAU AL-MUKMIN,"
TINGKAT BAWAH, PANGSAPURI MUTIARA, 
KM 11 JLN GOMBAK,
53100 GOMBAK. SELANGOR.
",53100,GOMBAK,Tiada maklumat,Tiada maklumat
SELANGOR,SURAU NURUS SOBAH,"1 JALAN 3, TAMAN SETIA 2, 43300 BALAKONG SERI KEMBANGAN SELANGOR
",43300,HULU LANGAT,Tiada maklumat,Tiada maklumat
SELANGOR,SURAU AL-MUNIR,"19-04-05, BLOK 19, PANGSAPURI SERI INDAH, PERSIARAN LISTARI PERDANA",Tiada maklumat,PETALING,Tiada maklumat,Tiada maklumat
SELANGOR,SURAU PLATINUM AL-MAWADDAH,3 JALAN PLATINUM 7/58 SEKSYEN 7,40000,PETALING,Tiada maklumat,Tiada maklumat
SELANGOR,"SURAU AR-RAHMAN, PULAU CAREY","7B BANGKONG LADANG BARAT, PULAU CAREY,
42970 KUALA LANGAT.",42500,KUALA LANGAT,Tiada maklumat,Tiada maklumat
SELANGOR,SURAU BAITURRAHMAN,9 JLN INDAH 9/19 SEKSYEN 9 PUTRA HEIGHT,47650,PETALING,Tiada maklumat,Tiada maklumat
SELANGOR,"SURAU AL-FALAH, PUSAT SERENTI DENGKIL","AGENSI DADAH KEBANGSAAN,
KEMENTERIAN DALAM NEGERI,
KM4 JALAN BANTING,
DENGKIL.",43800,SEPANG,Tiada maklumat,Tiada maklumat
SELANGOR,BALAI ISLAM DARUL QURAN,"AMPANG PECAH
KUALA KUBU BHARU",44000,HULU SELANGOR,Tiada maklumat,Tiada maklumat
SELANGOR,SURAU AL-MADRASATUL MUHAMMADIAH,ANGKATAN KEMAJUAN MUSLIM NO. 1 JLN. 4/33,46000,PETALING,Tiada maklumat,Tiada maklumat
SELANGOR,"ABU BAKAR ALI BASHAH, BKT SENTOSA","APARTMENT KENANGA, TAMAN BUNGA RAYA, BUKIT BERUNTUNG, 48300 RAWANG, SELANGOR",48300,HULU SELANGOR,Tiada maklumat,Tiada maklumat
SELANGOR,"ABU OTHMAN ALI BASHAH, BKT SENTOSA","APARTMENT TERATAI, 
TAMAN BUNGA RAYA, 48300 RAWANG, SELANGOR",48300,HULU SELANGOR,Tiada maklumat,Tiada maklumat
SELANGOR,SURAU AL-IKHWAN,BANDAR BARU SUNGAI BULOH,47000,PETALING,Tiada maklumat,Tiada maklumat
SELANGOR,SURAU AL- HUSNA,"BANDAR BOTANIC,
 JALAN PALMA RAJA 3/ KS6,
BANDAR BOTANIC, 41200
KLANG",41200,KLANG,Tiada maklumat,Tiada maklumat
SELANGOR,"SURAU AL-HIDAYAH BSP, KG JENJAROM","BANDAR SAUJANA PUTRA, JENJAROM, 42610 KUALA LANGAT, SELANGOR",42600,KUALA LANGAT,Tiada maklumat,Tiada maklumat
SELANGOR,SURAU AT-TAQWA,"BATALION 4, 
PASUKAN GERAKAN AM (PGA), 
KEM SEMENYIH,
SEMENYIH",43000,HULU LANGAT,019-2114400,Tiada maklumat
SELANGOR,SURAU AL-FALAH,"BLOK M15-102, PESIARAN PANDAN 7 PANDAN JAYA 56100 AMPANG KUALA LUMPUR
",56100,HULU LANGAT,Tiada maklumat,Tiada maklumat
SELANGOR,"SURAU AN-NUR, SG MANGGIS","D / A NO. 47, JLN. SURIA 1A/11, BANDAR BARU BROOKLANDS, 42700 BANTING,
KUALA LANGAT.",42700,KUALA LANGAT,Tiada maklumat,Tiada maklumat
SELANGOR,SURAU AL- HIDAYAH,"D/A NO 3, JALAN BATU NILAM 7,
BANDAR BUKIT TINGGI,
41200 KLANG",41200,KLANG,Tiada maklumat,Tiada maklumat
SELANGOR,SURAU AN-NUR,"D/A: PEJABAT AGAMA PENGKALAN TUDM SUBANG JAYA, 40000 SHAH ALAM",40000,PETALING,Tiada maklumat,Tiada maklumat
SELANGOR,SURAU NURUR RAHMAH,DATARAN TAPAK PASAR TANI KAMPUNG MELAYU SUBANG,40150,PETALING,Tiada maklumat,Tiada maklumat
SELANGOR,"SURAU UITM,DENGKIL",DENGKIL,Tiada maklumat,SEPANG,Tiada maklumat,Tiada maklumat
SELANGOR,"SURAU AL-MUJAHIDIN	","DESA SURADA, SEKSYEN 8, 43650 BANDAR BARU BANGI SELANGOR
",43650,HULU LANGAT,Tiada maklumat,Tiada maklumat
SELANGOR,SURAU UITM KAMPUS PUNCAK ALAM,"DEWAN MAKAN KOMPLEKS KEMUDAHAN PELAJAR KOLEJ ANGSANA, UITM KAMPUS",Tiada maklumat,PETALING,Tiada maklumat,Tiada maklumat
SELANGOR,SURAU NURUL IKHLAS,"F-1-18, PANGSAPURI PUTRA PERMAI SELESA PUSAT BANDAR PUTRA PERMAI",Tiada maklumat,PETALING,Tiada maklumat,Tiada maklumat
SELANGOR,SURAU AN-NAJAH,"GERMAN-MALAYSIAN INSTITUTE JALAN ILMIAH TAMAN UNIVERSITI 43000 KAJANG SELANGOR
",43000,HULU LANGAT,Tiada maklumat,Tiada maklumat
SELANGOR,SURAU KHALID AL-WALID,"IBU PEJABAT POLIS KONTINJEN SELANGOR, POLIS DIRAJA MALAYSIA",Tiada maklumat,PETALING,Tiada maklumat,Tiada maklumat
SELANGOR,SURAU AL-IKHLAS,"INSTITUT KEMAHIRAN DAN LATIHAN AADK,
SEPANG BEG BERKUNCI 
NO.1 MUKIM DENGKIL,
DENGKIL,SEPANG.",43800,SEPANG,Tiada maklumat,Tiada maklumat
SELANGOR,SURAU AS-SYAKIRIN,"INSTITUT KEMAHIRAN TINGGI BELIA NEGARA SELANGOR,
SEPANG.",43900,SEPANG,Tiada maklumat,Tiada maklumat
SELANGOR,SURAU AL-HIDAYAH PLPP BANGI,"JABATAN KEBAJIKAN MASYARAKAT,
JALAN SUNGAI MERAB,
KAJANG.",43000,SEPANG,Tiada maklumat,Tiada maklumat
SELANGOR,SURAU PUSAT ISLAM,"JABATAN PENGAJIAN AM, POLITEKNIK SHAH ALAM, PERSIARAN USAHAWAN SEK. U1, 40150 SHAH ALAM",40150,PETALING,Tiada maklumat,Tiada maklumat
SELANGOR,SURAU NURUS SAADAH,"JALAN 1, TAMAN MERU 4, JALAN TAP 42202 KAPAR",42202,KLANG,Tiada maklumat,Tiada maklumat
SELANGOR,SURAU AL- FAIZIN,"JALAN 10A/KU7
TAMAN SG KAPAR INDAH
SEMENTA KLANG",42200,KLANG,Tiada maklumat,Tiada maklumat
SELANGOR,SURAU AN-NUR,"JALAN 11, TAMAN SRI TANJUNG,
SEMENYIH,",43500,HULU LANGAT,012-2041437,Tiada maklumat
SELANGOR,SURAU ISTIQAMAH,"JALAN 2A, 
TAMAN ANGKASA INDAH, 
KAJANG 
",43000,HULU LANGAT,013-2062992,Tiada maklumat
SELANGOR,"SURAU JENARIS	","JALAN 3 DESA SRI JENARIS SG KANTAN 43000 KAJANG SELANGOR
",43000,HULU LANGAT,Tiada maklumat,Tiada maklumat
SELANGOR,SURAU BANGI PERDANA,"JALAN 3/13, BANGI PERDANA
SEKSYEN 3 TAMBAHAN
BANDAR BARU BANGI",43650,HULU LANGAT,Tiada maklumat,Tiada maklumat
SELANGOR,SURAU AL-EHSAN,"JALAN 3/2, TAMAN SRI HANECO 
SEMENYIH 
",43500,HULU LANGAT,014-3303608,Tiada maklumat
SELANGOR,SURAU AL-SOBAH,"JALAN 3/4 SEKSYEN 3  43650 BDR BARU BANGI SELANGOR
",43650,HULU LANGAT,Tiada maklumat,Tiada maklumat
SELANGOR,SURAU  AL-AMIRIN,"JALAN 4/9C, SEKSYEN 4, 
BANDAR BARU BANGI, 
",43650,HULU LANGAT,019-3372790,Tiada maklumat
SELANGOR,SURAU AL-HIDAYAH,"JALAN 5,TAMAN WEST COUNTRY , SEKSYEN 5, 43000 KAJANG,SELANGOR
",43000,HULU LANGAT,Tiada maklumat,Tiada maklumat
SELANGOR,SURAU TAMAN SELAYANG,"JALAN 6, TAMAN SELAYANG,
68100 BATU CAVES, 
SELANGOR
",68100,GOMBAK,Tiada maklumat,Tiada maklumat
SELANGOR,SURAU AL-AMIN,"JALAN 8, SEKSYEN 8,
BANDAR BARU BANGI ",43650,HULU LANGAT,Tiada maklumat,Tiada maklumat
SELANGOR,"AL-KHAIRIAH ADENIUM 4, BKT SENTOSA","JALAN ADENIUM 4,
BANDAR BUKIT BERUNTUNG",48300,HULU SELANGOR,Tiada maklumat,Tiada maklumat
SELANGOR,"AL-FAAIZEEN, BKT SENTOSA","JALAN ANGGERIK 1, PRIMA BERUNTUNG
BUKIT BERUNTUNG
",48300,HULU SELANGOR,Tiada maklumat,Tiada maklumat
SELANGOR,SURAU AL-FIRDAUS,"JALAN ANGGERIK NERVILLIA, 31/166
KOTA KEMUNING,
40460 SHAH ALAM, SELANGOR",40460,KLANG,Tiada maklumat,Tiada maklumat
SELANGOR,"AL-MUHAJIRIN, BKT SENTOSA","JALAN ANGGERIK, SEKSYEN BB 4
BANDAR BUKIT BERUNTUNG
RAWANG
",48300,HULU SELANGOR,Tiada maklumat,Tiada maklumat
SELANGOR,SURAU AL Ã¢Â‚¬Â€Œ ISLAH,"JALAN AU2A/18, TAMAN SERI KERAMAT, 54200 KUALA LUMPUR",Tiada maklumat,GOMBAK,Tiada maklumat,Tiada maklumat
SELANGOR,SURAU SEKOLAH MENENGAH TEKNIK KLANG,"JALAN BATU UNJUR,
41200 KLANG",41200,KLANG,Tiada maklumat,Tiada maklumat
SELANGOR,SURAU KIYAI HJ RIDZWAN,"JALAN BELIMBING, MERU,
42200 KAPAR,
SELANGOR DARUL EHSAN
",42200,KLANG,Tiada maklumat,Tiada maklumat
SELANGOR,SURAU AL-IKHLAS,"JALAN BERJAYA 5, TAMAN BERJAYA SG CHUA 43000 KAJANG SELANGOR
",43000,HULU LANGAT,Tiada maklumat,Tiada maklumat
SELANGOR,SURAU AL-RAUDHAH,"JALAN BM 5/31 SEKSYEN 5 BANDAR BUKIT MAHKOTA 43000 KAJANG SELANGOR
",43000,HULU LANGAT,Tiada maklumat,Tiada maklumat
SELANGOR,SURAU AL-ANSOR,JALAN BUNGA KENANGA 2/1 SEKSYEN 2,40000,PETALING,Tiada maklumat,Tiada maklumat
SELANGOR,SURAU AS-SALAM,"JALAN CAMAR 4/1 GUGUSAN SEMARAK, 4/1 SEKSYEN 4",Tiada maklumat,PETALING,Tiada maklumat,Tiada maklumat
SELANGOR,SURAU TAMAN IMPIAN EHSAN,"JALAN CENGAL 1 TAMAN IMPIAN EHSAN BALAKONG 43300  SERI KEMBANGAN
",43300,HULU LANGAT,Tiada maklumat,Tiada maklumat
SELANGOR,SURAU HJ MUSRAN,"JALAN HJ MUSRAN, RANTAU PANJANG, 42100 KLANG",42100,KLANG,Tiada maklumat,Tiada maklumat
SELANGOR,SURAU MUSTAQIMAH,"JALAN INDAH 15,TMN CHERAS INDAH 56100 K.LUMPUR
",56100,HULU LANGAT,Tiada maklumat,Tiada maklumat
SELANGOR,SURAU AL-HIDAYAH,"JALAN INDAH 7,
KG. SELAYANG INDAH,
68100 BATU CAVES",68100,GOMBAK,Tiada maklumat,Tiada maklumat
SELANGOR,SURAU TAMAN JASMIN,"JALAN JASMIN 23 TAMAN JASMIN 43000 KAJANG SELANGOR
",43000,HULU LANGAT,Tiada maklumat,Tiada maklumat
SELANGOR,SURAU AL-HIDAYAH,"JALAN KELISA 1, BT 18, KG SG TANGKAS 43000 KAJANG, SELANGOR
",43000,HULU LANGAT,Tiada maklumat,Tiada maklumat
SELANGOR,SURAU NURUL HIDAYAH,"JALAN KEMACAHAYA 8 TAMAN KEMACAHAYA 43100 HULU LANGAT SELANGOR
",43100,HULU LANGAT,Tiada maklumat,Tiada maklumat
SELANGOR,"SURAU RAUDHATUL MUTTAQIN, BANTING","JALAN KEMUNING 5, TAMAN KEMUNING, 42700 BANTING SELANGOR",42700,KUALA LANGAT,Tiada maklumat,Tiada maklumat
SELANGOR,SURAU RAUDATUL JANNAH,"JALAN KENANGA,TAMAN PERTAMA",45200,SABAK BERNAM,Tiada maklumat,Tiada maklumat
SELANGOR,SURAU AR-RAYYAN,JALAN KRISTAL 7/74 SEKSYEN 7,40000,PETALING,Tiada maklumat,Tiada maklumat
SELANGOR,SURAU SAIYIDINA ABU BAKAR AL-SIDDIQ,"JALAN LEP 4/1 SEKSYEN 4, TAMAN LESTARI PUTRA, BANDAR PUTRA PERMAI",Tiada maklumat,PETALING,Tiada maklumat,Tiada maklumat
SELANGOR,SURAU AL-HUSNA,JALAN MEDAN 23 TAMAN MEDAN BARU,46000,PETALING,Tiada maklumat,Tiada maklumat
SELANGOR,"AL-IKHLAS MELATISARI, SG. BUAYA","JALAN MELATISARI 3D/2
BANDAR SG. BUAYA
48010 RAWANG
SELANGOR.",48010,HULU SELANGOR,Tiada maklumat,Tiada maklumat
SELANGOR,SURAU AN-NAJAH,"JALAN MEMANDA 11
TAMAN DATOÃ¢Â‚¬Â„¢ AHMAD RAZALI
AMPANG
",68000,HULU LANGAT,Tiada maklumat,Tiada maklumat
SELANGOR,SURAU RAUDHATUL  MAWADDAH,"JALAN MESRA 2, TAMAN MESRA, 
KAJANG
",43000,HULU LANGAT,019-3844662,Tiada maklumat
SELANGOR,SURAU MUHIBBAH,"JALAN MUHIBBAH
TAMAN MUHIBAH 
KAJANG
",43000,HULU LANGAT,013-2169901,Tiada maklumat
SELANGOR,SURAU  DARUSSALAM,"JALAN NIRWANA 12, 
TAMAN NIRWANA, FASA ,1 

",68000,HULU LANGAT,019-6000839,Tiada maklumat
SELANGOR,SURAU AL-HILAL,"JALAN PANDAN INDAH 5 PANDAN JAYA 55100 CHERAS KUALA LUMPUR
",55100,HULU LANGAT,Tiada maklumat,Tiada maklumat
SELANGOR,SURAU  AL-MUTMAINNAH,"JALAN PERDANA 8/1, 
TAMAN PANDAN PERDANA 

",55100,HULU LANGAT,012-2233774,Tiada maklumat
SELANGOR,SURAU AN-NUR,"JALAN PERSIARAN TKP,
TAMAN KANTAN PERMAI
KAJANG
",43000,HULU LANGAT,012-3644488,Tiada maklumat
SELANGOR,SURAU AHMAD RAZALI,"JALAN PJU8/8 FLORA DAMANSARA, BANDAR DAMANSARA PERDANA , 47820",47820,PETALING,Tiada maklumat,Tiada maklumat
SELANGOR,SURAU AS SYAKIRIN,"JALAN PUTRA 6/1, SEKSYEN 1, BANDAR. MAHKOTA CHERAS, 43200 CHERAS SELANGOR

KARIAH MASJID TAMAN RAKAN
",43200,HULU LANGAT,Tiada maklumat,Tiada maklumat
SELANGOR,SURAU AL-KAUTSAR,"JALAN SAMA GAGAH 18, TAMAN TELOK GADONG INDAH 42000 PELABUHAN KLANG",42000,KLANG,Tiada maklumat,Tiada maklumat
SELANGOR,SURAU AL-MUHAJIRIN,"JALAN SEKSYEN 3/21 KAJANG UTAMA 43000 KAJANG SELANGOR
",43000,HULU LANGAT,Tiada maklumat,Tiada maklumat
SELANGOR,SURAU LUQMAN AL-HAKIM,"JALAN SETIA U13/4S, SETIA IMPIAN",40170,PETALING,Tiada maklumat,Tiada maklumat
SELANGOR,SURAU AL-HIDAYAH,"JALAN SP 7A, TAMAN SRI PUCHONG 47100 PUCHONG",47100,PETALING,Tiada maklumat,Tiada maklumat
SELANGOR,MADRASAH AL-IKHLAS,JALAN SS 3/47-49 KELANA JAYA,47310,PETALING,Tiada maklumat,Tiada maklumat
SELANGOR,SURAU MADRASAH AL-IKHLAS,"JALAN SS 3/47-49, KELANA JAYA, 47310 PETALING JAYA",47310,PETALING,Tiada maklumat,Tiada maklumat
SELANGOR,SURAU AL-EHSAN,"JALAN SS 4A/4, KELANA JAYA, 47310 PETALING JAYA",47310,PETALING,Tiada maklumat,Tiada maklumat
SELANGOR,MADRASAH PERSAUDARAAN ISLAM,"JALAN SS 4B/11 KELANA JAYA, 47301 PETALING JAYA",47301,PETALING,Tiada maklumat,Tiada maklumat
SELANGOR,MADRASATUL ISLAMIAH,"JALAN SS 8/8A KELANA JAYA, 47300 PETALING JAYA",47300,PETALING,Tiada maklumat,Tiada maklumat
SELANGOR,SURAU AS-SIDDIQ,"JALAN SUADAMAI 9/1 BANDAR TUN HUSSEIN ONN 43200 CHERAS SELANGOR
",43200,HULU LANGAT,Tiada maklumat,Tiada maklumat
SELANGOR,ALÃ¢Â‚¬Â€Œ FALAH (WAL FAIZIN) ,"JALAN TELUK PULAI, 
41100 KLANG,
SELANGOR DARUL EHSAN
",41100,KLANG,Tiada maklumat,Tiada maklumat
SELANGOR,"AL-BAYAN, BKT SENTOSA","JALAN TERATAI,
BUKIT BERUNTUNG.",48300,HULU SELANGOR,Tiada maklumat,Tiada maklumat
SELANGOR,SURAU AL-TAQWA,"JALAN TKC 2/3, TMN KOTA CHERAS FASA 2 43200 BT 9 CHERAS SELANGOR
",43200,HULU LANGAT,Tiada maklumat,Tiada maklumat
SELANGOR,SURAU  YUSUF AL-AMIN,"JLN CEMARA 1, TMN BUKIT SEGAR, 
CHERAS HARTAMAS,",56100,HULU LANGAT,012-3719348,Tiada maklumat
SELANGOR,SURAU AL-KAUTHAR,"JLN KESUMA 7/13 FASA 3C BDR TASIK KESUMA 43700 BERANANG
",43700,HULU LANGAT,Tiada maklumat,Tiada maklumat
SELANGOR,SURAU AN-NUR,JLN KIJANG 2 20/5B SEK20,40300,PETALING,Tiada maklumat,Tiada maklumat
SELANGOR,SURAU AR-RAUDHAH,"JLN MATAHARI U5/102 TAMAN NUSA SUBANG, SEKSYEN 5",Tiada maklumat,PETALING,Tiada maklumat,Tiada maklumat
SELANGOR,"SURAU AL-AMIN	","JLN SUASANA 3/3 BANDAR TUN HUSSEIN ONN 43200 CHERAS
",43200,HULU LANGAT,Tiada maklumat,Tiada maklumat
SELANGOR,SURAU NURUL HIDAYAH,JLN. JURUTERA KAMPUNG SERI AMAN BATU 13 JLN. KLANG LAMA,Tiada maklumat,PETALING,Tiada maklumat,Tiada maklumat
SELANGOR,SURAU AN-NUR,"JLN. KIJANG 2 20/5B, SEK. 20, 40300 SHAH ALAM",40300,PETALING,Tiada maklumat,Tiada maklumat
SELANGOR,SURAU AL-ISLAH,JLN. PALADIUM TIGA 7/33C SEK7,40000,PETALING,Tiada maklumat,Tiada maklumat
SELANGOR,SURAU AL-BUKHARI,JLN. PJS 7/13 BANDAR SUNWAY ,46150,PETALING,Tiada maklumat,Tiada maklumat
SELANGOR,SURAU DARUL HIDAYAH,JLN. PJU 1A/42 TAMAN PUTRA DAMAI LEMBAH SUBANG,47301,PETALING,Tiada maklumat,Tiada maklumat
SELANGOR,SURAU AL-FIRDAUS,"KAMPUNG ATAP, JALAN RAYA BARAT,
41000 KLANG.",Tiada maklumat,KLANG,Tiada maklumat,Tiada maklumat
SELANGOR,SURAU RAHMAN,"KAMPUNG BAGAN LALANG,SUNGAI PELEK",Tiada maklumat,SEPANG,Tiada maklumat,Tiada maklumat
SELANGOR,SURAU HIDAYATUL ISLAMIAH,"KAMPUNG BARU HICOM, SEKSYEN 26",40150,PETALING,Tiada maklumat,Tiada maklumat
SELANGOR,SURAU  AL-FALAH,"KAMPUNG BUKIT DUKONG, 
BATU 12  JALAN CHERAS, 
KAJANG, 
",43000,HULU LANGAT,019-3815186,Tiada maklumat
SELANGOR,SURAU NURUL IMAN,"KAMPUNG LOMBONG ,
BATU 7 JALAN KEBUN,
42450 KLANG",42450,KLANG,Tiada maklumat,Tiada maklumat
SELANGOR,SURAU ZAHIDIAH,"KAMPUNG MELAYU,
BATU 13,
47000 SUNGAI BULOH",47000,GOMBAK,Tiada maklumat,Tiada maklumat
SELANGOR,SURAU TAZKIAH,KAMPUNG SALAK TINGGI,Tiada maklumat,SEPANG,Tiada maklumat,Tiada maklumat
SELANGOR,SURAU NURUL FALAH,"KAMPUNG SG. SIREH TAMBAHAN,
42000 PELABUHAN KLANG.",Tiada maklumat,KLANG,Tiada maklumat,Tiada maklumat
SELANGOR,SURAU AL-IKHLAS,"KAMPUNG SUNGAI PURUN,
BATU 1, JALAN BANGI, 
SEMENYIH
",43500,HULU LANGAT,012-3727746,Tiada maklumat
SELANGOR,SURAU AL-ISLAMIAH,"KG TASIK PERMAI 68000 AMPANG SELANGOR
",68000,HULU LANGAT,Tiada maklumat,Tiada maklumat
SELANGOR,"SURAU AL-IBTIDAÃ¢Â‚¬Â„¢IAH,","KG. BENDAHARA, SG. TUA BARU,
68100 BATU CAVES, 
SELANGOR
",68100,GOMBAK,Tiada maklumat,Tiada maklumat
SELANGOR,"SURAU AN-NUR LADANG BATU, KG BATU LAUT","KG. LADANG BATU, TANJUNG SEPAT, 42800  KUALA LANGAT.",42700,KUALA LANGAT,Tiada maklumat,Tiada maklumat
SELANGOR,SURAU AL-ISTIQOMAH,"KG. SERI LANGKAS TAMBAHAN, 47100 PUCHONG",47100,PETALING,Tiada maklumat,Tiada maklumat
SELANGOR,"SURAU RIYADUS SOLIHIN	","KOLEJ KEMAHIRAN TINGGI MARA BERANANG,  LOT 2333 JALAN KAJANG-SEREMBAN 43700 BERANANG
",43700,HULU LANGAT,Tiada maklumat,Tiada maklumat
SELANGOR,"SURAU AN-NUR KMB, KG BUKIT CHANGGANG","KOLEJ MARA BANTING,
KG. BUKIT CHANGGANG,
42700 BANTING,
KUALA LANGAT.",42700,KUALA LANGAT,Tiada maklumat,Tiada maklumat
SELANGOR,"SURAU AS-SUFI KMS, SERI JUGRA",KOLEJ MATRIKULASI SELANGOR,42700,KUALA LANGAT,Tiada maklumat,Tiada maklumat
SELANGOR,SURAU MAAHAD AL-AMIN,"KOMPLEKS 3C, JALAN PJS 11/2
46150 BANDAR SUNWAY
PETALING JAYA",46150,PETALING,Tiada maklumat,Tiada maklumat
SELANGOR,SURAU PUSAT MUKTAMAR MAS KARGO KLIA,"KOMPLEKS KLIA,
SEPANG.",64000,SEPANG,Tiada maklumat,Tiada maklumat
SELANGOR,"KOLEJ  YAYASAN UEM, KERLING","LEMBAH BERINGIN, KERLING,
44100 HULU SELANGOR,
SELANGOR.",44100,HULU SELANGOR,Tiada maklumat,Tiada maklumat
SELANGOR,SURAU EHSANIAH,"LEMBAH JAYA UTARA 68000 AMPANG  SELANGOR
",68000,HULU LANGAT,Tiada maklumat,Tiada maklumat
SELANGOR,SURAU AMPANG SAUJANA,"LORONG 46173,
TAMAN AMPANG SAUJANA,
AMPANG, 
",68000,HULU LANGAT,017-3804563,Tiada maklumat
SELANGOR,SURAU AL-FALAH,"LORONG 6A/6, SEKSYEN 16,  43650 BANDAR BARU BANGI, SELANGOR
",43650,HULU LANGAT,Tiada maklumat,Tiada maklumat
SELANGOR,SURAU NURUL HIDAYAH,LORONG BERLIAN 1 JLN. BATU 3,40000,PETALING,Tiada maklumat,Tiada maklumat
SELANGOR,SURAU AN- NUR,"LORONG PENDING 2B, BANDAR PUTERI, 41200 KLANG",41200,KLANG,Tiada maklumat,Tiada maklumat
SELANGOR,SURAU MUTIARA DAMANSARA,"LORONG PJU 7/16B, MUTIARA DAMANSARA",47800,PETALING,Tiada maklumat,Tiada maklumat
SELANGOR,SURAU RAUDHATUL FIRDAUS,"LOT 15972, TAMAN IMPIAN MURNI, SAUJANA IMPIAN,
KAJANG
",43000,HULU LANGAT,019-3348716,Tiada maklumat
SELANGOR,SURAU AL-HUDA,LOT 2 JLN. SULAM 5 19/14E SEK. 19,40300,PETALING,Tiada maklumat,Tiada maklumat
SELANGOR,SURAU KAMPUNG SETIA,"LOT 2066, BATU 18 KAMPUNG SETIA KUANG
48050 RAWANG SELANGOR",48050,GOMBAK,Tiada maklumat,Tiada maklumat
SELANGOR,SURAU TAMAN PANDAN MEWAH,"LOT 234, JALAN PANDAN MEWAH 2/11 TAMAN PANDAN MEWAH 68000 AMPANG SELANGOR
",68000,HULU LANGAT,Tiada maklumat,Tiada maklumat
SELANGOR,SURAU KARANGKRAF,LOT 3 JALAN RENGGAM 15/5 SEKSYEN 15,40200,PETALING,Tiada maklumat,Tiada maklumat
SELANGOR,MADRASAH ASSIRATHUL MUSTAQEEM,"LOT 32 JALAN REKO 43000 KAJANG SELANGOR
",43000,HULU LANGAT,Tiada maklumat,Tiada maklumat
SELANGOR,KOMPLEKS SURAU DARUS SALIM,LOT 37010 SEK. U4,40150,PETALING,Tiada maklumat,Tiada maklumat
SELANGOR,SURAU AL-IKHLAS,"LOT 41793, JALAN IMPIAN PUTRA 2/1, TAMAN IMPIAN PUTRA, KAJANG, SELANGOR
",Tiada maklumat,HULU LANGAT,Tiada maklumat,Tiada maklumat
SELANGOR,SURAU AR-RAUDHAH,"LOT 41907,JLN IMPIAN MAKMUR 3 TAMAN SAUJANA IMPIAN, 
KAJANG
",43000,HULU LANGAT,013-6453396,Tiada maklumat
SELANGOR,MUSOLLA MADRASAH TAHFIZ MIFTAHUL ULUM,"LOT 5649, JLN KUARI SUNGAI LONG KG SUNGAI SERAI BATU 11 Ã‚Â½  
HULU LANGAT",43100,HULU LANGAT,Tiada maklumat,Tiada maklumat
SELANGOR,SURAU AL-MASYHUR,"LOT 56967, LEBOH SUNGAI PULOH BATU 4, TAMAN CEMPAKA SARI,KAPAR
42100 KLANG.",4210,KLANG,Tiada maklumat,Tiada maklumat
SELANGOR,SURAU AL-MAKMUR,"LOT 5813, JALAN 4/9, SEKSYEN 4 FASA 3, BDR RINCHING 43500 SEMENYIH

 KARIAH MASJID BANDAR RINCHING",43500,HULU LANGAT,Tiada maklumat,Tiada maklumat
SELANGOR,SURAU AL-AMIN,"LOT 6923, JALAN RUMBIA, KG BUKIT KERAYONG 2. 42200 KAPAR, KLANG",42200,KLANG,Tiada maklumat,Tiada maklumat
SELANGOR,SURAU NURUL IMAN,"LOT 74083 JALAN PUNCAK JALIL 8, TAMAN PUNCAK JALIL",Tiada maklumat,PETALING,Tiada maklumat,Tiada maklumat
SELANGOR,SURAU FATIMAH AZZAHRA,"LOT 855  TAMAN KOSAS 68000 AMPANG SELANGOR

KARIAH MASJID TAMAN KOSAS",68000,HULU LANGAT,Tiada maklumat,Tiada maklumat
SELANGOR,SURAU CENTRALISED LABOUR QUARTERS (CLQ),"LOT 994/998, JALAN SUBANG KG BARU, SG BULOH, SHAH ALAM",Tiada maklumat,PETALING,Tiada maklumat,Tiada maklumat
SELANGOR,DEWAN SOLAT AL-HAKIM,"LOT PT 43192, 
KAJANG
",43000,HULU LANGAT,Tiada maklumat,Tiada maklumat
SELANGOR,SURAU BUKIT JULUTONG,"LOT. 1 JALAN MIMBAR U8/13, SEK. U8 BUKIT JELUTONG, 40150 SHAH ALAM",40150,PETALING,Tiada maklumat,Tiada maklumat
SELANGOR,SURAU AR-RAHMAN,"LOT. 3060, NO. 3, JALAN MARAK 9, BANDAR PUCHONG JAYA, 47100 PUCHONG",47100,PETALING,Tiada maklumat,Tiada maklumat
SELANGOR,SURAU SAIDINA ALI (UNIKL-MIAT),"LOT.2891, JLN JENDERAM HULU,
JENDERAM HULU,
DENGKIL,SEPANG.",43800,SEPANG,Tiada maklumat,Tiada maklumat
SELANGOR,SURAU AL-A'LIMIN,"MAKTAB PDRM KUALA LUMPUR,
CHERAS
",43200,HULU LANGAT,Tiada maklumat,Tiada maklumat
SELANGOR,SURAU AL-FALAH,"MENENGAH TEKNIK SHAH, JALAN BATU TIGA 40300 SHAH ALAM",40300,PETALING,Tiada maklumat,Tiada maklumat
SELANGOR,SURAU AN-NAJAH,NO 1 JLN. TK5/14 JLN. MAWAR 47100 PUCHONG,47100,PETALING,Tiada maklumat,Tiada maklumat
SELANGOR,SURAU AL-SYAKIRIN,NO 1A JLN. BU 2/3 BANDAR UTAMA,47300,PETALING,Tiada maklumat,Tiada maklumat
SELANGOR,SURAU AN-NUR,"NO 2 JALAN 1/7E 43650 BANDAR BARU BANGI SELANGOR

",43650,HULU LANGAT,Tiada maklumat,Tiada maklumat
SELANGOR,BAITUL UKHRAWI,"NO 2, LORONG BAHAGIA 1, TAMAN CHI LIUNG, PANDAMARAN JAYA, 
42000 PELABUHAN KLANG
SELANGOR DARUL EHSAN
",42000,KLANG,Tiada maklumat,Tiada maklumat
SELANGOR,SURAU AL-KAUTHAR,"NO 22 JALAN 4/5D, FASA 4, 43650 BANDAR BARU BANGI, SELANGOR

KARIAH MASJID AL-HASANAH BANDAR BARU BANGI
",43650,HULU LANGAT,Tiada maklumat,Tiada maklumat
SELANGOR,SURAU TAMAN SUTERA,"NO 22 JALAN SUTERA 2/3B TAMAN SUTERA 43000 KAJANG SELANGOR
",43000,HULU LANGAT,Tiada maklumat,Tiada maklumat
SELANGOR,SURAU AL- IKHLAS,"NO 22, JALAN KEBUN NANAS,
2G /KS 7, BANDAR PUTERA KLANG
42000 KLANG",42000,KLANG,Tiada maklumat,Tiada maklumat
SELANGOR,SURAU BAITUL RAHMAN,"NO 24, JALAN 7L/KU 5, TAMAN AMAN PERDANA, 41050 KLANG",41050,KLANG,Tiada maklumat,Tiada maklumat
SELANGOR,SURAU AS-SALAM,"NO 5 JALAN SETIA DAMAI U13/15, SETIA ALAM 40170 SHAH ALAM",40170,PETALING,Tiada maklumat,Tiada maklumat
SELANGOR,SURAU SAUJANA IMPIAN,"NO 54 JALAN IMPIAN JAYA 5 SAUJANA IMPIAN 43000 KAJANG SELANGOR
",43000,HULU LANGAT,Tiada maklumat,Tiada maklumat
SELANGOR,SURAU AL-FALAH,"NO 58 JALAN CEMPAKA 30 TAMAN CEMPAKA  68000 AMPANG SELANGOR
",68000,HULU LANGAT,Tiada maklumat,Tiada maklumat
SELANGOR,SURAU AL-HIDAYAH,"NO 6 JALAN 15 TAMAN BUKIT KAJANG BARU 43000 KAJANG SELANGOR
",43000,HULU LANGAT,Tiada maklumat,Tiada maklumat
SELANGOR,SURAU AL-IKHLAS,"NO 65, JALAN BUNGA RAYA, TAMAN BUKIT BELIMBING, 43200 BALAKONG CHERAS
",43200,HULU LANGAT,Tiada maklumat,Tiada maklumat
SELANGOR,SURAU MUSTAQIMAH,"NO 7, JLN. PLUMBUM 7/98 SEK.7",40000,PETALING,Tiada maklumat,Tiada maklumat
SELANGOR,SURAU AN-NUR,"NO 78 JALAN TPS 3/5 TAMAN PELANGI SEMENYIH 43500 SEMENYIH SELANGOR
",43500,HULU LANGAT,Tiada maklumat,Tiada maklumat
SELANGOR,SURAU AL-SYAKIRIN,"NO. 1 JLN. BU 2/3, BANDAR UTAMA, 47300 PETALING JAYA",47300,PETALING,Tiada maklumat,Tiada maklumat
SELANGOR,SURAU AL-MAHDI,"NO. 1, JALAN METAFASA U16/4, TAMAN BUKIT SUBANG, SEKSYEN U 16",Tiada maklumat,PETALING,Tiada maklumat,Tiada maklumat
SELANGOR,"AR-RAUDHAH TMN WIDURI, BKT SENTOSA II","NO. 18, JLN. WIDURI 2 E / 1,
BUKIT BERUNTUNG 3, 48300 RAWANG, SELANGOR",48300,HULU SELANGOR,Tiada maklumat,Tiada maklumat
SELANGOR,SURAU AL-MUNAWWARAH,"NO. 2 JLN. 13/58B TAMAN TADISMA, SEK. 13,40100 SHAH ALAM",40100,PETALING,Tiada maklumat,Tiada maklumat
SELANGOR,SURAU AL-RAZI,"NO. 2, JALAN MATAHARI U 5/102, SUBANG 2, BANDAR PINGIRAN",Tiada maklumat,PETALING,Tiada maklumat,Tiada maklumat
SELANGOR,"SURAU AL-EHSAN, RTB BUKIT CHANGGANG","NO. 28, JLN. BSE 4/18,
BANDAR SERI EHSAN, 
BUKIT CHANGGANG, 
42700 BANTING,
KUALA LANGAT.",42700,KUALA LANGAT,Tiada maklumat,Tiada maklumat
SELANGOR,SURAU AL-FALAH,NO. 32 JLN. CECAWI 6/23 KOTA DAMANSARA,47810,PETALING,Tiada maklumat,Tiada maklumat
SELANGOR,SURAU NURUL ISLAH,"NO. 34, JLN. PUTRA BAHAGIA 8/2L PUTA HEIGHT",Tiada maklumat,PETALING,Tiada maklumat,Tiada maklumat
SELANGOR,SURAU AL-IKHWAN,"NO. 38, JALAN PUJ 2/30, TAMAN PUNCAK JALIL, BANDAR PUTRA PERMAI",Tiada maklumat,PETALING,Tiada maklumat,Tiada maklumat
SELANGOR,SURAU NURUL IMAN,NO. 51 JLN. SP 10/2 TAMAN SAUJANA PUCHONG,47100,PETALING,Tiada maklumat,Tiada maklumat
SELANGOR,SURAU AL-FAIZUN,NO. 9 JLN. BS 5/3 TAMAN BUKIT SERDANG,43300,PETALING,Tiada maklumat,Tiada maklumat
SELANGOR,SURAU AL-UKHWAH,"NO.3 JALAN NOVA U5/50, SUBANG BESTARI, SEKSYEN U5, 40150 SHAH ALAM",40150,PETALING,Tiada maklumat,Tiada maklumat
SELANGOR,SURAU AL-MUKHLISIN,"NO.40, JALAN TAJ 1/4,
TAMAN ALAM JAYA,
BANDAR PUNCAK ALAM,
KUALA SELANGOR.",42300,KUALA SELANGOR,Tiada maklumat,Tiada maklumat
SELANGOR,SURAU AL-HIJRAH,"NO.68 JLN WARISAN,
MEGAH 1/9,
KOTA WARISAN,
SEPANG.",43900,SEPANG,Tiada maklumat,Tiada maklumat
SELANGOR,"SURAU AL- ANSOR, KG MEDAN","NO:43, JLN. LANGAT
TAMAN SERI MEDAN JAYA,
TELOK PANGLIMA GARANG",42500,KUALA LANGAT,Tiada maklumat,Tiada maklumat
SELANGOR,"AL-RASYIDIN SEMARAK 1, BKT SENTOSA","NO:9, JALAN SEMARAK 1, SEKSYEN BB7, 
BANDAR BARU BUKIT BERUNTUNG",48300,HULU SELANGOR,Tiada maklumat,Tiada maklumat
SELANGOR,SURAU KEMUNING UTAMA,"NO1. JALAN KEMUNING PERMAI
33/34 KEMUNING UTAMA
SEKSYEN 33 SHAH ALAM",40400,KLANG,Tiada maklumat,Tiada maklumat
SELANGOR,SURAU AL-HIDAYAH,"NORTHPORT (MALAYSIA) BHD.
LOT 6579 JALAN JERUNG, 42000 PELABUHAN UTARA, 
PELABUHAN KLANG SELANGOR
",42000,KLANG,Tiada maklumat,Tiada maklumat
SELANGOR,SURAU NURUL MINA,"P.O. BOX 266,
WESTPORT, PULAU INDAH,
42009 PELABUHAN KLANG, 
KLANG.",Tiada maklumat,KLANG,Tiada maklumat,Tiada maklumat
SELANGOR,SURAU AL-IHSAN,"PANGSAPURI AKASIA
NO.5 PERSIARAN SETIA PERDANA U13/25D
ALAM NUSANTARA, SETIA ALAM,
40170 SHAH ALAM",40170,PETALING,Tiada maklumat,Tiada maklumat
SELANGOR,SURAU AL-YAQEEN,PANGSAPURI PKNS JLN. 7/1 FLAT BOSNIA,43300,PETALING,Tiada maklumat,Tiada maklumat
SELANGOR,SURAU AR RAUDHAH,"PANGSAPURI REBANA, 
JALAN GAMELAN, BANDAR BUKIT RAJA 
41050 KLANG",41050,KLANG,Tiada maklumat,Tiada maklumat
SELANGOR,SURAU AN-NUR,"PANGSAPURI SUNWAY SINAR JLN UNGU U9/33, TMN SUNWAY KAYANGAN SEKSYEN",Tiada maklumat,PETALING,Tiada maklumat,Tiada maklumat
SELANGOR,SURAU AN-NUR,"PANGSAPURI SUNWAY SINAR, JALAN UNGU 49/33, TAMAN SUNWAY KAYANGAN SEKSYEN U9, 40150 SHAH ALAM",40150,PETALING,Tiada maklumat,Tiada maklumat
SELANGOR,SURAU BANDAR BARU KLANG,"PERSIARAN BUKIT RAJA,
BANDAR BARU KLANG,
41150 KLANG",Tiada maklumat,KLANG,Tiada maklumat,Tiada maklumat
SELANGOR,SURAU AL-UKHWAH,"PERSIARAN MERANTI, BANDAR SERI DAMANSARA, MUKIM SG. BULOH, 52200 KEPONG, DAERAH PETALING",52200,PETALING,Tiada maklumat,Tiada maklumat
SELANGOR,SURAU NURUL IMAN,"PESIARAN MINANG 2 TMN MINANG 56000 CHERAS K.L

KARIAH MASJID AL-IKHWANIAH",56000,HULU LANGAT,Tiada maklumat,Tiada maklumat
SELANGOR,SURAU AR-RAHMANIAH,"PT 10207, JALAN HARMONI 10, TAMAN HARMONI,
BANDAR TEKNOLOGI KAJANG
SEMENYIH",43500,HULU LANGAT,016-2637374,Tiada maklumat
SELANGOR,BALAI ISLAM,PULAU KETAM,Tiada maklumat,KLANG,Tiada maklumat,Tiada maklumat
SELANGOR,SURAU AL-ISTIQAMAH,"PUSAT LATIHAN PERISIKAN, KEM. SG. BULOH, 47000 SG. BULOH",47000,PETALING,Tiada maklumat,Tiada maklumat
SELANGOR,TARBIYATUL AKHLAK,"PUSAT SERENTI SERENDAH,
SERENDAH",48200,HULU SELANGOR,Tiada maklumat,Tiada maklumat
SELANGOR,SURAU AS-SAKINAH,"PUTRA PERDANA,
PUCHONG.",47100,SEPANG,Tiada maklumat,Tiada maklumat
SELANGOR,SURAU AS-SAHABAH,SEK 7 KOTA DAMANSARA ,47810,PETALING,Tiada maklumat,Tiada maklumat
SELANGOR,SURAU AS-SOHABAH,"SEK. 7 KOTA DAMANSARA, 47810 PETALING JAYA",47810,PETALING,Tiada maklumat,Tiada maklumat
SELANGOR,SURAU AL-IHSAN,"SEK.MEN.AGAMA PERSEKUTUAN KAJANG,
BATU 13 JALAN CHERAS,
KAJANG
",43000,HULU LANGAT,Tiada maklumat,Tiada maklumat
SELANGOR,SURAU DARUL SAKINAH,"SEKOLAH BINA INSAN,
D/A DARUL SAKINAH, MSU FOUNDATION
LOT PT 7477, BP 7,
BANDAR BUKIT PUCHONG, 
47100 PUCHONG",47100,PETALING,Tiada maklumat,Tiada maklumat
SELANGOR,SURAU AL-RASYIDIN,"SEKOLAH MENENGAH KEBANGSAAN
BUKIT RAHMAN PUTRA,
47000 SG BULOH",47000,PETALING,Tiada maklumat,Tiada maklumat
SELANGOR,SURAU AL-FALLAHIAH,"SEKOLAH MENENGAH TEKNIK KAJANG 43000 KAJANG SELANGOR
",43000,HULU LANGAT,Tiada maklumat,Tiada maklumat
SELANGOR,SURAU AL-KHAWARIZMI,SEKOLAH MENENGAH TEKNIK SEPANG,Tiada maklumat,SEPANG,Tiada maklumat,Tiada maklumat
SELANGOR,SURAU LUKMANUL HAKIM,"SEKOLAH TINGGI KLANG KLANG, JALAN MERU, 40150 KLANG.",Tiada maklumat,KLANG,Tiada maklumat,Tiada maklumat
SELANGOR,SURAU AR-RAIHAN,"SEKSYEN 3 BANDAR TEKNOLOGI KAJANG 43000 KAJANG SELANGOR
",43000,HULU LANGAT,Tiada maklumat,Tiada maklumat
SELANGOR,SURAU AL-MUSTAQIM,"SEKSYEN 5 BDR RINCHING 43500 SEMENYIH SELANGOR
",43500,HULU LANGAT,Tiada maklumat,Tiada maklumat
SELANGOR,SURAU AS-SYIFA,SMK BBST,Tiada maklumat,SEPANG,Tiada maklumat,Tiada maklumat
SELANGOR,"SURAU HAMIDIAH	","SMKA MAAHAD HAMIDIAH JALAN SG RAMAL LUAR 43000 KAJANG SELANGOR
",43000,HULU LANGAT,Tiada maklumat,Tiada maklumat
SELANGOR,SURAU POLITEKNIK SULTAN IDRIS SHAH,"SUNGAI LANG, SUNGAI AYER TAWAR
SABAK BERNAM
SELANGOR",45200,SABAK BERNAM,03-3280 6200,03-32806400
SELANGOR,SURAU AL FALAH,SURAU ALFALAH TAMAN SI RAMBAI 45000 KUALA SELANGOR,45000,KUALA SELANGOR,Tiada maklumat,Tiada maklumat
SELANGOR,SURAU AL-HIDAYAH,"SURAU AL-HIDAYAH
PERSIARAN SAUJANA 2
SAUJANA UTAMA

",Tiada maklumat,KUALA SELANGOR,Tiada maklumat,Tiada maklumat
SELANGOR,SURAU AL-MAÃ¢Â‚¬Â„¢MURIAH,"SURAU AL-MAÃ¢Â‚¬Â„¢MURIAH
NO.12, JALAN SP1/4
TAMAN SERI PRISTANA 47000 SG. BULOH
",Tiada maklumat,KUALA SELANGOR,Tiada maklumat,Tiada maklumat
SELANGOR,"AL-MUTTAQIN, ANTARA GAPI","SURAU AL-MUTTAQIN
SEKSYEN 1, ANTARA GAPI, 48200 SERENDAH, SELANGOR",48200,HULU SELANGOR,Tiada maklumat,Tiada maklumat
SELANGOR,AN-NAMIRA,"SURAU AN-NAMIRA 
LOT 3783, SEKSYEN 23,
TAMAN BUKIT RIMAU,
40460 SHAH ALAM,
	SELANGOR DARUL EHSAN
",40460,KLANG,Tiada maklumat,Tiada maklumat
SELANGOR,"AT-TAQWA, DESA MELUR","SURAU AT-TAKWA,
LOT. 2127 TAMAN DESA MELOR, 48200 SERENDAH.",Tiada maklumat,HULU SELANGOR,Tiada maklumat,Tiada maklumat
SELANGOR,SURAU HAJI ISMAIL,"SURAU HAJI ISMAIL
NO 95  LORONG CAKERA PURNAMA 12/29
BANDAR PUNCAK ALAM
",42300,KUALA SELANGOR,Tiada maklumat,Tiada maklumat
SELANGOR,SURAU AL-MUTTAQIN,"TAMAN ALAM JAYA 43200 BT 9 CHERAS SELANGOR
",43200,HULU LANGAT,Tiada maklumat,Tiada maklumat
SELANGOR,SURAU AL-MUHTADIN,"TAMAN DESA KEMUNING, SEKSYEN 35, 40400 SHAH ALAM",Tiada maklumat,KLANG,Tiada maklumat,Tiada maklumat
SELANGOR,SURAU AL-IHSAN,TAMAN DESA VISTA,Tiada maklumat,SEPANG,Tiada maklumat,Tiada maklumat
SELANGOR,SURAU AL ISLAH,"TAMAN KAJANG MEWAH
SG CHUA
KAJANG",43000,HULU LANGAT,Tiada maklumat,Tiada maklumat
SELANGOR,SURAU AL-FIRDAUS,"TAMAN KEMBANG SERI FASA 2, 43300 SERI KEMBANGAN",43300,PETALING,Tiada maklumat,Tiada maklumat
SELANGOR,SURAU AN-NUR,"TAMAN MAS,PUCHONG",Tiada maklumat,SEPANG,Tiada maklumat,Tiada maklumat
SELANGOR,SURAU AS-SYAKIRIN,TAMAN MUHIBBAH SERDANG,43300,PETALING,Tiada maklumat,Tiada maklumat
SELANGOR,MADRASAH IKHWANUL MUSLIMIN,"TAMAN NAKHODA YUSOFF,
KAMPUNG JAWA,
41000 KLANG, 
SELANGOR DARUL EHSAN
",41000,KLANG,Tiada maklumat,Tiada maklumat
SELANGOR,"SURAU UBUDIAH	","TAMAN PANDAN INDAH JALAN PANDAN INDAH 3/2 55100 KUALA LUMPUR

KARIAH MASJID AL-AZIM
",55100,HULU LANGAT,Tiada maklumat,Tiada maklumat
SELANGOR,MADRASAH AN-NURIAH,"TAMAN PUTRA 68000 AMPANG SELANGOR
",68000,HULU LANGAT,Tiada maklumat,Tiada maklumat
SELANGOR,SURAU AL-IKHWAN,"TAMAN SANDARAN PERMAI, NO.3, JALAN PULAU INDAH U10/52",Tiada maklumat,PETALING,Tiada maklumat,Tiada maklumat
SELANGOR,SURAU AL-ASMAH,"TAMAN SRI JELOK 43000 KAJANG SELANGOR
",43000,HULU LANGAT,Tiada maklumat,Tiada maklumat
SELANGOR,SURAU AL-MUNIR,"TAMAN SRI NANDING 43100 HULU LANGAT SELANGOR
",43100,HULU LANGAT,Tiada maklumat,Tiada maklumat
SELANGOR,SURAU AS-SHARIF,TAMAN SUNGAI BESI INDAH 43300 SERI KEMBANGAN,43300,PETALING,Tiada maklumat,Tiada maklumat
SELANGOR,SURAU NUBUWWAH,TAMAN TELUK GEDUNG INDAH,Tiada maklumat,KLANG,Tiada maklumat,Tiada maklumat
SELANGOR,SURAU AS-SYAKIRIN,"TAMAN TENAGA JALAN REKO 43000 KAJANG SELANGOR
",43000,HULU LANGAT,Tiada maklumat,Tiada maklumat
SELANGOR,SURAU AL-ITTIHAD,"TAMAN TUN TEJA, 48000 RAWANG",48000,GOMBAK,Tiada maklumat,Tiada maklumat
SELANGOR,SURAU AL-HUSNA,"TAMAN UNIVERSITI INDAH, 43300 SERI KEMBANGAN",43300,PETALING,Tiada maklumat,Tiada maklumat
SELANGOR,SURAU NURUL HAQ,"TELOK KAPAS, LOT. 1300 TELOK KAPAS, KG RANTAU PANJANG, KLANG",42100,KLANG,Tiada maklumat,Tiada maklumat
SELANGOR,SURAU NURUL HIKMAH,"TINGKAT 3, DE PALMA HOTEL AMPANG, JALAN SELAMAN 1/2 PALM SQUARE AMPANG POINT 68000 AMPANG
",68000,HULU LANGAT,Tiada maklumat,Tiada maklumat
SELANGOR,"SURAU BAITUL RAHMAN, KG TANJUNG SEPAT","TMN. MUTIARA, 42800 TG. SEPAT, KUALA LANGAT.",42700,KUALA LANGAT,Tiada maklumat,Tiada maklumat
SELANGOR,SURAU NURUL HIDAYAH,"TMN. SUBANG BARU. LRG 2B, 40000 SHAH ALAM",40000,PETALING,Tiada maklumat,Tiada maklumat
SELANGOR,SURAU ISLAMIC & CULTURAL,"UNIVERSITY DRIVE , OFF PERSIARAN OLAHRAGA, SEKSYEN 13,40100",40100,PETALING,Tiada maklumat,Tiada maklumat
SELANGOR,SURAU AL-MADANIAH,"USJ 18/7/ USJ 18/,47630 SUBANG JAYA",47630,PETALING,Tiada maklumat,Tiada maklumat
SARAWAK,SURAU AL-JAWAHIR IKBN MIRI,"IKBN PERMYJAYA
MIRI",98000,MIRI,085660714,Tiada maklumat
SARAWAK,SURAU INSTITUT KEMAHIRAN MARA (IKM),"INSTITUT KEMAHIRAN MARA,
JLN SULTAN TENGAH, KUCHING",93050,KUCHING,Tiada maklumat,Tiada maklumat
SARAWAK,SURAU DARUL FURQAN,"JABATAN PENJARA, KUCHING",93050,KUCHING,Tiada maklumat,Tiada maklumat
SARAWAK,SURAU DINUL HUDHA,KAMPUNG BAJO,94500,KUCHING,Tiada maklumat,Tiada maklumat
SARAWAK,SURAU NOORULHUDA,"KAMPUNG BELUNGEI, LUNDU",94500,KUCHING,Tiada maklumat,Tiada maklumat
SARAWAK,SURAU DARUL KURNIA,KAMPUNG JALAN SAWMILL SEBUYAU,94850,SIMUNJAN,Tiada maklumat,Tiada maklumat
SARAWAK,SURAU QARYATUS SALIHIN,"KAMPUNG PANGI,LAWAS",98850,LAWAS,Tiada maklumat,Tiada maklumat
SARAWAK,SURAU DARUL MAHABBAH,KAMPUNG SEBERANG SEBUYAU,94850,SIMUNJAN,Tiada maklumat,Tiada maklumat
SARAWAK,SURAU DARUL ITTIHAAD,"KENYALANG PARK, JLN. SIMPANG TIGA,
KUCHING",93050,KUCHING,Tiada maklumat,Tiada maklumat
SARAWAK,SURAU AL MUJAHIDDIN,"KOMPLEKS PERUMAHAN PDRM,
JALAN TABUAN,",Tiada maklumat,KUCHING,Tiada maklumat,Tiada maklumat
SARAWAK,SURAU AT TAQWA,"KPG LADANG BARU,JALAN MERAPOK",98850,LAWAS,Tiada maklumat,Tiada maklumat
SARAWAK,"SURAU DARUL NAIM,","KPG. IRAN, SUAI, NIAH",Tiada maklumat,MIRI,Tiada maklumat,Tiada maklumat
SARAWAK,SURAU NUR HIDAYAH,"LADANG INTAN,TRUSAN",98850,LAWAS,Tiada maklumat,Tiada maklumat
SARAWAK,SURAU AS SALAM,"LADANG MERAPOK,LAWAS",98850,LAWAS,Tiada maklumat,Tiada maklumat
SARAWAK,"SURAU AS SALAM,LADANG TRUSAN",LADANG TRUSAN,98850,LAWAS,Tiada maklumat,Tiada maklumat
SARAWAK,SURAU AL-ISTIQBAL,"PPR BANDARIA PARK, BINTULU",97000,BINTULU,Tiada maklumat,Tiada maklumat
SARAWAK,DARUL RIDZUAN,"RAMD 2O KEM SRI 
98000 MIRI
",98000,MIRI,085-405800,Tiada maklumat
SARAWAK,SURAU DARUL YASSIN ,"RPR RANTAU PANJANG, SIBU",96000,SIBU,Tiada maklumat,Tiada maklumat
SARAWAK,SURAU AR RAHMAN,SMKA (SHOAW)JALAN MATANG,93050,KUCHING,Tiada maklumat,Tiada maklumat
SARAWAK,SURAU DARUL BARAKAH,"TAMAN BDC, STAMPIN, 
KUCHING",93050,KUCHING,Tiada maklumat,Tiada maklumat
SABAH,SURAU AN NAJM KG TINOMPOK LIWAN,"D/A JABATAN HAL EHWAL AGAMA ISLAM NEGERI SABAH, P/S 52 TAMBUNAN",89657,BPA - TAMBUNAN,087-774654,087-774654
SABAH,SURAU AN-NUR KG. RAMPEK BELURAN,"D/A JABATAN HAL EHWAL AGAMA ISLAM NEGERI SABAH, PETI SURAT 35, 90107 BELURAN",90107,SAN - BELURAN,089-511021,089-511021
SABAH,"SURAU BATANGAN LAUT, PAITAN BELURAN","D/A JABATAN HAL EHWAL AGAMA ISLAM NEGERI SABAH, PETI SURAT 35, 90107 BELURAN",90107,SAN - BELURAN,089-511021,089-511021
SABAH,"SURAU DALAMAS,PAITAN BELURAN","D/A JABATAN HAL EHWAL AGAMA ISLAM NEGERI SABAH, PETI SURAT 35, 90107 BELURAN",90107,SAN - BELURAN,089-511021,089-511021
SABAH,"SURAU KAINDANGAN, KG. TANGKARASON SUGUT BELURAN","D/A JABATAN HAL EHWAL AGAMA ISLAM NEGERI SABAH, PETI SURAT 35, 90107 BELURAN",90107,SAN - BELURAN,089-511021,089-511021
SABAH,SURAU KG.KELIAGA SUGUT BELURAN,"D/A JABATAN HAL EHWAL AGAMA ISLAM NEGERI SABAH, PETI SURAT 35, 90107 BELURAN",90107,SAN - BELURAN,089-511021,089-511021
SABAH,"SURAU MENGKABONG, SUNGAI-SUNGAI SUGUT BELURAN","D/A JABATAN HAL EHWAL AGAMA ISLAM NEGERI SABAH, PETI SURAT 35, 90107 BELURAN",90107,SAN - BELURAN,089-511021,089-511021
SABAH,"SURAU TALIDUSUN, BINSULUNG BELURAN","D/A JABATAN HAL EHWAL AGAMA ISLAM NEGERI SABAH, PETI SURAT 35, 90107 BELURAN",90107,SAN - BELURAN,089-511021,089-511021
SABAH,SURAU KG. DATONG,"D/A PEJABAT JHEAINS PITAS,
PETI SURAU 272,
KOTA MARUDU",89108,PBU - PITAS,Tiada maklumat,Tiada maklumat
SABAH,SURAU PERUMAHAN JKR,JKR PUTATAN,88200,PBS - PUTATAN,088233583,Tiada maklumat
SABAH,SURAU BUANG SAYANG.,"KAMPUNG BUANG SAYANG,KUNAK",91207,TAW - KUNAK,Tiada maklumat,Tiada maklumat
SABAH,SURAU DHIYA'URRAHMAN,"KAMPUNG KABOG, KUNAK.",91207,TAW - KUNAK,Tiada maklumat,Tiada maklumat
SABAH,SURAU AL BAYAN.,"KAMPUNG KUNAK JAYA LAUT,KUNAK.",91207,TAW - KUNAK,Tiada maklumat,Tiada maklumat
SABAH,SURAU PANGKALAN MADAI.,"KAMPUNG PANGKALAN MADAI,KUNAK",91207,TAW - KUNAK,Tiada maklumat,Tiada maklumat
SABAH,SURAU BABULKHAIR( R).GADING-2,"KAMPUNG RANCANGAN GADING-GADING,KUNAK",91207,TAW - KUNAK,Tiada maklumat,Tiada maklumat
SABAH,SURAU KG DAMARAN,KG DAMARAN 89058 BANGGI,89058,PBU - BANGGI,Tiada maklumat,Tiada maklumat
SABAH,SURAU KG DOGOTON,KG DOGOTON 89058 BANGGI,89058,PBU - BANGGI,Tiada maklumat,Tiada maklumat
SABAH,SURAU KG KUKUP,"KG KUKUP
BEAUFORT",89808,BPB - BEAUFORT,Tiada maklumat,Tiada maklumat
SABAH,SURAU KG LAKSIAN,KG LAKSIAN 89058 BANGGI,89058,PBU - BANGGI,Tiada maklumat,Tiada maklumat
SABAH,SURAU NURUL HUDA,KG LINSUK PUTATAN,88200,PBS - PUTATAN,Tiada maklumat,Tiada maklumat
SABAH,SURAU KG LOK TOHOG LAUT,KG LOK TOHOG 89058 BANGGI,89058,PBU - BANGGI,Tiada maklumat,Tiada maklumat
SABAH,"SURAU NURUL IMAN,SIPITANG","KG LUBOK DARAT, SIPITANG",89857,BPB - SIPITANG,Tiada maklumat,Tiada maklumat
SABAH,SURAU KG LUMAIS,KG LUMAIS 89058 BANGGI,89058,PBU - BANGGI,Tiada maklumat,Tiada maklumat
SABAH,SURAU KG MALIANGIN,KG MALIANGIN 89058 BANGGI,89058,PBU - BANGGI,Tiada maklumat,Tiada maklumat
SABAH,SURAU KG MELIGU,KG MELIGU 89058 BANGGI,89058,PBU - BANGGI,Tiada maklumat,Tiada maklumat
SABAH,SURAU KG PADANG 1,KG PADANG 89058 BANGGI,89058,PBU - BANGGI,Tiada maklumat,Tiada maklumat
SABAH,SURAU KG MANDI DARAH,KG PULAU MANDI DARAH 89058 BANGGI,89058,PBU - BANGGI,Tiada maklumat,Tiada maklumat
SABAH,SURAU KG SABUR,KG SABUR 89058 BANGGI,89058,PBU - BANGGI,Tiada maklumat,Tiada maklumat
SABAH,SURAU KG SELAMAT BALAMBANGAN,KG SELAMAT BALAMBANGAN 89058 BANGGI,89058,PBU - BANGGI,Tiada maklumat,Tiada maklumat
SABAH,SURAU KG SEMAYAN,KG SEMAYAN 89058 BANGGI,89058,PBU - BANGGI,Tiada maklumat,Tiada maklumat
SABAH,SURAU KG SIBOGO BANGGI,KG SIBOGO 89058 BANGGI,89058,PBU - BANGGI,Tiada maklumat,Tiada maklumat
SABAH,SURAU KG SIBUMBUNG,KG SIBUMBUNG 89058 BANGGI,89058,PBU - BANGGI,Tiada maklumat,Tiada maklumat
SABAH,SURAU KG TANJUNG MANAWALI,KG TANJUNG MANAWALI 89058 BANGGI,89058,PBU - BANGGI,Tiada maklumat,Tiada maklumat
SABAH,SURAU AL-AZHAR ,"KG. LOK URAI DARAT, PULAU GAYA, KOTA KINABALU, SABAH",Tiada maklumat,PBS - KOTA KINABALU,Tiada maklumat,Tiada maklumat
SABAH,SURAU GUTHRIE.,"KILANG SAWIT GUTHRIE,KUNAK.",91207,TAW - KUNAK,Tiada maklumat,Tiada maklumat
SABAH,SURAU KOLEJ VOKASIONAL,"KOLEJ VOKASIONAL,
BEAUFORT",89808,BPB - BEAUFORT,Tiada maklumat,Tiada maklumat
SABAH,SURAU  JATIKA.,"LADANG JATIKA,KUNAK",91207,TAW - KUNAK,Tiada maklumat,Tiada maklumat
SABAH,SURAU NURUL JANNAH JELETA BUMI,"LADANG JELETA BUMI,KUNAK.",91207,TAW - KUNAK,Tiada maklumat,Tiada maklumat
SABAH,SURAU LG.KEMABONG.,"LADANG KEMABONG,KUNAK",91207,TAW - KUNAK,Tiada maklumat,Tiada maklumat
SABAH,SURAU LADANG MUIS.,LADANG MUIS.KUNAK.,91207,TAW - KUNAK,Tiada maklumat,Tiada maklumat
SABAH,SURAU PALAMA.,"LADANG PALAMA,KUNAK.",91207,TAW - KUNAK,Tiada maklumat,Tiada maklumat
SABAH,SURAU  ROYAL SABAHAN.,"LADANG ROYAL SABAHAN,KUNAK.",91207,TAW - KUNAK,Tiada maklumat,Tiada maklumat
SABAH,SURAU AN NUR KG KADALAKAN,PETI SURAT 184 KENINGAU,89008,BPA - KENINGAU,087 331352,087 339957
SABAH,SURAU  NUR HIDAYAH KAMPUNG BANDUKAN BARU,"PETI SURAT 184,KENINGAU",89008,BPA - KENINGAU,087 331372,087 339957
SABAH,SURAU BAITUSSALAM,"SURAU BAITUSSALAM KG. PONDOI,
D/A PEJ JHEAINS PITAS,
PETI SURAT 272, 89108
KOTA MARUDU.",89108,PBU - PITAS,0195359960,Tiada maklumat
SABAH,SURAU NUR AMIN,"SURAU NUR AMIN, KG. KUSILAD,
D/A PEJ JHEAINS PITAS,
PETI SURAT 272, 89108
KOTA MARUDU.",89108,PBU - PITAS,Tiada maklumat,Tiada maklumat
SABAH,SURAU SHOUTUL IMAN,"SURAU SHOUTUL IMAN, KG KALIPUON,
D/A PEJ JHEAINS PITAS, 
PETI SURAT 272, 89108,
KOTA MARUDU.",89108,PBU - PITAS,0195857716,Tiada maklumat
PERLIS,SURAU ALOR TAMPANG,SURAU ALOR TAMPANG,Tiada maklumat,Tiada maklumat,Tiada maklumat,Tiada maklumat
PERLIS,SURAU IKBN,"INSTITUT KEMAHIRAN BELIA NEGARA
CAWANGAN PERLIS
KUALA PERLIS",2000,KANGAR,Tiada maklumat,Tiada maklumat
PERLIS,SURAU PAUH PUTRA,"KAMPUNS TETAP UNIMAP
PAUH PUTRA,ARAU",2600,Tiada maklumat,011-37394227,Tiada maklumat
PERAK,SDJ KAMPUNG KEPAYANG ORANG ASLI,SDJ KAMPUNG KEPAYANG ORANG ASLI,Tiada maklumat,IPOH,Tiada maklumat,Tiada maklumat
PERAK,SDJ MA'HAD AL-UMMAH,"31200 CHEMOR, PERAK",31200,IPOH,019-5557874,Tiada maklumat
PERAK,SDJ SALAHUDDIN AL-AYUBBI ( SALADIN),"BATALION 23 RAMD, JALAN BESAR TAMBUN",31400,IPOH,Tiada maklumat,Tiada maklumat
PERAK,SURAU DIRI JUMAAT NURUL IMAN ,"BOUSTEAD NAVAL SHIPYARD SDN BHD
PANGKALAN TLDM
32100 LUMUT
PERAK DARUL RIDZUAN",32100,MANJUNG,05-6907006,Tiada maklumat
PERAK,SDJ MOHAMMED NOOR AL - AIN,"DESA CHEMOR IMPIAN , 31200 CHEMOR",31200,IPOH,Tiada maklumat,Tiada maklumat
PERAK,SURAU DIRI JUMAAT AR-RAHMAN,"FASA 2D GABUNGAN (FASA 2D, 2E, 2F  DAN 2G)  
32040 SERI MANJUNG
PERAK DARUL RIDZUAN",32040,MANJUNG,Tiada maklumat,Tiada maklumat
PERAK,SURAU NURUL ILMI,"INSTITUT LATIHAN TEKNOLOGI TINGGI (ADTEC)
KAWASAN PERINDUSTRIAN KAMUNTING ",34600,TAIPING / LARUT MATANG,05-8012600,Tiada maklumat
PERAK,SDJ SEKOLAH MENENGAH AGAMA IZZUDDIN SHAH,"JALAN SULTAN AZLAN SHAH
31400 IPOH, PERAK",31400,IPOH,Tiada maklumat,Tiada maklumat
PERAK,SURAU DIRI JUMAAT AR RIDZUAN,"KAMPUNG JALAN BADAK JELIANG 33800 MANONG, PERAK.",33800,KUALA KANGSAR,0195131396,Tiada maklumat
PERAK,SURAU DIRI JUMAAT KAMPUNG KENANG.,"KAMPUNG KENANG, 31100 SUNGAI SIPUT, PERAK.",31100,KUALA KANGSAR,0175826824,Tiada maklumat
PERAK,SURAU DIRI JUMAAT LARUT TIN,"KAMPUNG LARUT TIN, TAIPING",34000,TAIPING / LARUT MATANG,Tiada maklumat,Tiada maklumat
PERAK,SURAU DIRI JUMAAT NURUL HIDAYAH POS POI,KAMPUNG ORANG ASLI POS POI,33110,KUALA KANGSAR,Tiada maklumat,Tiada maklumat
PERAK,SURAU DIRI JUMAAT AR-RAUDHAH,"KAMPUNG PAYA NIBONG
32400 AYER TAWAR
PERAK DARUL RIDZUAN",32400,MANJUNG,017-5379715,Tiada maklumat
PERAK,SURAU DIRI JUMAAT PUSAT SERENTI PERLOP,KAMPUNG PERLOP 2 SUNGAI SIPUT,33110,KUALA KANGSAR,Tiada maklumat,Tiada maklumat
PERAK,SDJ KG CHADAK,"KG CHADAK KINTA INTAKE, 31150 ULU KINTA, PERAK",31150,IPOH,Tiada maklumat,Tiada maklumat
PERAK,SURAU DIRI JUMAAT KG KEEB,KG KEEB SUNGAI SIPUT,Tiada maklumat,KUALA KANGSAR,Tiada maklumat,Tiada maklumat
PERAK,SDJ SYED MUHAMMAD JAMALULLAIL,"KG SERI AMPANG B,
JALAN RAJA MUSA MAHADI,
IPOH, PERAK",31350,IPOH,Tiada maklumat,Tiada maklumat
PERAK,SDJ NURUL HIKMAH,"KG SUNGAI TONGGANG, 31250 TG. RAMBUTAN",31250,IPOH,Tiada maklumat,Tiada maklumat
PERAK,SDJ NURUL FALAH,"KG TERSUSUN KLEBANG SELATAN , JALAN IPOH/CHEMOR",Tiada maklumat,IPOH,Tiada maklumat,Tiada maklumat
PERAK,SURAU DIRI JUMAAT,"KOLEJ MATRIKULASI GOPENG , 31600 GOPENG , PK",31600,KAMPAR,05-3594949,Tiada maklumat
PERAK,SDJ KOLEJ PERUBATAN,"KOLEJ SAINS KESIHATAN BERSEKUTU SULTAN AZLAN SHAH , ULU KINTA PERAK",31150,IPOH,Tiada maklumat,Tiada maklumat
PERAK,SDJ AL HIDAYAH KSKB SULTAN AZLAN SHAH,"KOLEJ SAINS KESIHATAN SULTAN AZLAN SHAH, 31250 ULU KINTA, PERAK",31250,IPOH,05-5331192,Tiada maklumat
PERAK,SURAU DIRI JUMAAT AL-AZIM ,"KOMPLEKS KASTAM LUMUT
JALAN HAJI MOHAMAD ALI
32000 SITIAWAN
PERAK DARUL RIDZUAN ",32000,MANJUNG,019-7534007,Tiada maklumat
PERAK,SDJ  AL YAHYAWIAH,"LADANG GANDA BATU 7 DALAM,
JALAN CHANGKAT JONG.
TELUK INTAN",36000,HILIR PERAK,0134908112,Tiada maklumat
PERAK,SURAU DIRI JUMAAT AMALIAH,"LADANG NADI AGROBUSISNESS SDN BHD.
SIMPANG 3 SITIAWAN
PERAK DARUL RIDZUAN
",32010,MANJUNG,05-6911117,Tiada maklumat
PERAK,SDJ JANNATUN NAIM,"LADANG SUNGAI ERONG
ULU BERNAM",36500,HILIR PERAK,0134977676,Tiada maklumat
PERAK,SURAU DIRI JUMAAT AS-SALAM ,"LADANG UNITED INTERNATIONAL ENTERPRISE
34900 PANTAI REMIS
PERAK DARUL RIDZUAN ",34900,MANJUNG,016 -4142781,Tiada maklumat
PERAK,SDJ PUNCAK JELAPANG,"LALUAN PUNCAK JELAPANG 12, PUNCAK JELAPANG MAJU, 30020 IPOH, PERAK",30020,IPOH,Tiada maklumat,Tiada maklumat
PERAK,SURAU DIRI JUMAAT AL-HIDAYAH,"LOT 369, JALAN KMP 1/7, KOTA MALIM PRIMA",35900,SLIM RIVER,0166503053,Tiada maklumat
PERAK,SURAU DIRI JUMAAT MAAHAD TAHFIZ QURAN WAL QIRAAT,"MAAHAD TAHFIZ QURAN WAL QIRAAT,
BATU 7, JALAN SEPUTEH,
32800 PARIT",32800,SERI ISKANDAR / PARIT,Tiada maklumat,Tiada maklumat
PERAK,SURAU DIRI JUMAAT AR RAYYAN,"MARKAS TAKTIKAL KEM SERI BANDING,MUKIM GERIK 33300 GERIK PERAK",33300,GERIK,Tiada maklumat,Tiada maklumat
PERAK,SDJ AL-MAKRUF,"MEDAN KLEBANG PRIMA,
31200 CHEMOR,
PERAK",31200,IPOH,Tiada maklumat,Tiada maklumat
PERAK,SURAU DIRI JUMAAT,"MRSM FELDA,
35600 SUNGKAI,
PERAK",35600,TAPAH,0195739695,Tiada maklumat
PERAK,SDJ AL-TAUFIQIAH ,"NO 02 , LALUAN KLEBANG JAYA 21 , TAMAN KLEBANG JAYA 31200 CHEMOR PERAK",31200,IPOH,Tiada maklumat,Tiada maklumat
PERAK,SDJ AL-ISLAHIAH,"NO 30 JALAN TAMAN JATI 7 , TAMAN JATI JELAPANG 30020 IPOH,PERAK",30020,IPOH,Tiada maklumat,Tiada maklumat
PERAK,SURAU PENJARA,"PENJARA BATU GAJAH
31000 BATU GAJAH",31000,BATU GAJAH,0126203506,Tiada maklumat
PERAK,SURAU DIRI JUMAAT ISLAHIAH,"PENJARA TAPAH,
KM 12 JALAN TAPAH,
35400 TAPAH ROAD
PERAK",35400,TAPAH,054181818,Tiada maklumat
PERAK,SURAU PONDOK AIR JERNIH,"PONDOK AIR JERNIH
GERIK",Tiada maklumat,GERIK,Tiada maklumat,Tiada maklumat
PERAK,PUSAT ISLAM DIRI JUMAAT,"PUSAT ISLAM DIRI JUMAAT 
POLITEKNIK SULTAN AZLAN SHAH
BEHRANG.",35900,SLIM RIVER,0129009565,Tiada maklumat
PERAK,SURAU DIRI JUMAAT AL MUHAMMADI,RPS KEMAR KAMPUNG AKAI GERIK PERAK,33300,GERIK,Tiada maklumat,Tiada maklumat
PERAK,SURAU TARBIAH ISLAMIAH (SDJ),"SEK. MEN. AGAMA KEBANGSAAN AZLAN SHAH, 
SERI ISKANDAR, 32600 BOTA, PERAK",32610,SERI ISKANDAR / PARIT,05 3711689,Tiada maklumat
PERAK,SURAU DIRI JUMAAT,"SEK. MEN. SAINS TAPAH 
JALAN PAHANG
TAPAH, PERAK",35000,TAPAH,05-4018745,Tiada maklumat
PERAK,SDJ SEK. SAINS TAPAH,"SEK. MEN. SAINS TAPAH, JALAN PAHANG
TAPAH",35000,TAPAH,05-4018745,Tiada maklumat
PERAK,SURAU NUR HIDAYAH,"SEKOLAH MENENGAH KEBANGSAAN AGAMA TAHFIZ MODEL ULUL ALBAB KAMPONG SELAMAT, SIMPANG EMPAT SEMANGGOL,PERAK",34400,BAGAN SERAI,Tiada maklumat,Tiada maklumat
PERAK,SURAU DIRI JUMAAT ISLAHIAH,"SURAU DIRI JUMAAT ISLAHIAH
SEKOLAH MENENGAH VOKESIONAL SLIM RIVER
35800 SLIM RIVER",35800,SLIM RIVER,Tiada maklumat,Tiada maklumat
PERAK,SURAU DIRI JUMAAT MADDAH ,"SURAU MADDAH
FASA 1A, SERI MANJUNG
PERAK DARUL RIDZUAN ",32040,MANJUNG,019-5065543,Tiada maklumat
PERAK,SURAU PUSAT SERENTI PERLOP,"SURAU PUSAT SERENTI PERLOP,
31100 SUNGAI SIPUT (U) PERAK.",31100,KUALA KANGSAR,05-5911687,Tiada maklumat
PERAK,SURAU DIRI JUMAAT AL ITTIFAQIYYAH,"TAMAN BEMBAN RAYA
BATU GAJAH",31000,BATU GAJAH,0195116205,Tiada maklumat
PERAK,MADRASAH AL EHWAN TAMAN BERNAM (SDJ),"TAMAN BERNAM, 35900 TANJUNG MALIM, PERAK",35900,SLIM RIVER,017-6561201,Tiada maklumat
PERAK,"SDJ TAMAN DESA BAKTI	 ","TAMAN DESA BAKTI	
JALAN KAMPUNG BANJAR",36000,HILIR PERAK,013 4404214,Tiada maklumat
PERAK,SDJ  AL MUHAJIRIN,"TAMAN DESA MAJU PERAK,LANGKAP",36700,HILIR PERAK,019 3678975,Tiada maklumat
PERAK,SURAU SOLAT JUMAAT WAN NUNG,TAMAN DESA PERMATA GERIK PERAK,33300,GERIK,Tiada maklumat,Tiada maklumat
PERAK,SURAU DIRI JUMAAT AL-JAMIAH,"TAMAN KRISHNAN,
KG CINA
32000 SITIAWAN
PERAK DARUL RIDZUAN",32000,MANJUNG,Tiada maklumat,Tiada maklumat
PERAK,SURAU DIRI JUMAAT NURUL HASANAH ,"TAMAN MAS, KAMPUNG KOH
32020 SITIAWAN
PERAK DARUL RIDZUAN",32020,MANJUNG,01132581997,Tiada maklumat
PERAK,SURAU AL-IKHWAN (DIRIKAN JUMAAT),"TAMAN NESA,
34100 SELAMA,
PERAK.",34100,SELAMA,016-5634167,Tiada maklumat
PERAK,SURAU DIRI JUMAAT TAMAN SERI BIDOR,TAMAN SERI BIDOR 35500 BIDOR PERAK .,35500,TAPAH,Tiada maklumat,Tiada maklumat
PERAK,SDJ HIDAYATUL ISLAMIAH,"TAMAN SERI CICELY JALAN CHANGKAT JONG
TELUK INTAN",36000,HILIR PERAK,012 4642669,Tiada maklumat
PERAK,SDJ AL-ANSOR,"TAMAN SERI PALMA BANDAR SERI BOTANI , IPOH 31350 PERAK .",31350,IPOH,Tiada maklumat,Tiada maklumat
PERAK,AL HIDAYAH UMMUMI,"TANAH KEBUN 
SIMPANG LIMA
PARIT BUNTAR
PERAK",34200,PARIT BUNTAR,Tiada maklumat,Tiada maklumat
PERAK,SURAU RPS BANUN,TPS BANUN GERIK,Tiada maklumat,GERIK,Tiada maklumat,Tiada maklumat
PERAK,SURAU DIRI JUMAAT AL ISLAH,"TROLAK PLANTATION RESORT,
FELDA RESIDENCE TROLAK,
35600 SUNGKAI",35600,TAPAH,054388687,Tiada maklumat
PERAK,SURAU PUSAT ISLAM UITM (SDJ),"UITM SERI ISKANDAR , 32600 BOTA , PERAK",32610,SERI ISKANDAR / PARIT,017 5477198,Tiada maklumat
PERAK,SURAU DIRI JUMAAT UITM ,"UNUVIRSITI TEKNOLOGI MARA (PERAK)
TAPAH ROAD
PERAK",53400,TAPAH,05-4018745,Tiada maklumat
PAHANG,SURAU IKBN TEMERLOH,28000 TEMERLOH,28000,TEMERLOH,Tiada maklumat,Tiada maklumat
PAHANG,SURAU TAMAN BUNGA RAYA,28000 TEMERLOH,28000,TEMERLOH,Tiada maklumat,Tiada maklumat
PAHANG,SURAU TAMAN JAYA 6,28000 TEMERLOH,28000,TEMERLOH,Tiada maklumat,Tiada maklumat
PAHANG,SURAU TAMAN SETIA JASA,28000 TEMERLOH,28000,TEMERLOH,Tiada maklumat,Tiada maklumat
PAHANG,SURAU FELDA MENGKARAK 2,28300 BERA,28300,BERA,Tiada maklumat,Tiada maklumat
PAHANG,SURAU KG. JERGOH,"28500 LANCHANG, TEMERLOH",28500,TEMERLOH,Tiada maklumat,Tiada maklumat
PAHANG,SURAU AL-MUKMIN (SJ),AL-MUKMIN TMN IMPIANKU KM 13 JLN SG LEMB,Tiada maklumat,KUANTAN,Tiada maklumat,Tiada maklumat
PAHANG,"AL-MUSTAQIUM, CCRC KARAK","CCRC KARAK, LEBUHRAYA KL-KARAK",28600,BENTONG,Tiada maklumat,Tiada maklumat
PAHANG,SURAU FATIMAH AZ-ZAHRAA (SJ),FATIMAH AZ-ZAHRAA P'KGAN INDERA SEMPURNA,Tiada maklumat,KUANTAN,Tiada maklumat,Tiada maklumat
PAHANG,SURAU FELDA KECHAU 07,"FELDA KECHAU 07
KECHAU",27200,LIPIS,Tiada maklumat,Tiada maklumat
PAHANG,SURAU GENTING HIGHLANDS,GENTING HIGHLANDS,96000,BENTONG,Tiada maklumat,Tiada maklumat
PAHANG,SURAU UNIVERSITI ISLAM ANTARABANGSA,"JALAN ISTANA, BANDAR INDERA MAHKOTA, 25200 KUANTAN.",25200,KUANTAN,Tiada maklumat,Tiada maklumat
PAHANG,SURAU POS PANTOS,"KAMPUNG PANTOS
",27650,LIPIS,Tiada maklumat,Tiada maklumat
PAHANG,SURAU ISKANDAR 96 DEPOT PELURU,"KEM MEMPAGA,
96 DEPOT PELURU,
BENTONG",28600,BENTONG,Tiada maklumat,Tiada maklumat
PAHANG,SURAU KG PERPINDAHAN SG DAMAI (SJ),KG PERPINDAHAN SG DAMAI,Tiada maklumat,KUANTAN,Tiada maklumat,Tiada maklumat
PAHANG,SURAU KG.BARU BENTONG,KG.BARU BENTONG 28700,28700,BENTONG,Tiada maklumat,Tiada maklumat
PAHANG,KOLEJ VOKASIONAL TENGKU AMPUAN AFZAN,"KM 6, JALAN KUALA LUMPUR,",28700,BENTONG,Tiada maklumat,Tiada maklumat
PAHANG,SURAU PUSAT LATIHAN TEKNOLOGI TINGGI ( ADTEC ) JER,KM 9 JALAN JERANTUT -  TEMERLOH,27000,JERANTUT,09-2663391,09-2662490
PAHANG,MASJID ATTAQWA ,KOLEJ MATRIKULASI TEKNIKAL JENGKA 26400 BANDAR PUSAT JENGKA PAHANG,26400,JENGKA,Tiada maklumat,Tiada maklumat
PAHANG,SURAU KOMPLEK PENJARA BENTONG,KOMPLEK PENJARA BENTONG,28600,BENTONG,Tiada maklumat,Tiada maklumat
PAHANG,SURAU TARIQ IBNU ZIYAD,"KOMPLEKS PULARIS, KEM MENTAKAB",28000,TEMERLOH,Tiada maklumat,Tiada maklumat
PAHANG,MASJID IMAM ALGHAZALI,"MAAHAD SAS DINI JENGKA,BANDAR PUSAT JENGKA, PAHANG ",26400,JENGKA,Tiada maklumat,Tiada maklumat
PAHANG,MASJID UWAIS ALQORNI,"MASJID UITM PAHANG (CAW JENGKA)
BANDAR TUN ABDUL RAZAK JENGKA",26400,JENGKA,Tiada maklumat,Tiada maklumat
PAHANG,SURAU AL-HIDAYAH PENJOM GOLD MINE,"P.O BOX 49, 
PENJOM 
 KUALA LIPIS",27200,LIPIS,Tiada maklumat,Tiada maklumat
PAHANG,SURAU KOMPLEKS KRAU,PEJABAT LADANG FELDA KRAU,27600,RAUB,Tiada maklumat,Tiada maklumat
PAHANG,SURAU SMV SHAS  (KOLEJ VOKALSIONAL),"PENJOM,KUALA LIPIS",27200,LIPIS,Tiada maklumat,Tiada maklumat
PAHANG,SURAU POLIS ALOR AKAR (SJ),POLIS ALOR AKAR,Tiada maklumat,KUANTAN,Tiada maklumat,Tiada maklumat
PAHANG,SURAU KG. KUALA BOH,"POS MENSON RINGLET,CAMERON HIGHLANDS, PAHANG",39200,CAMERON HIGHLANDS,Tiada maklumat,Tiada maklumat
PAHANG,SURAU AS-SYAHADAH SUNGAI JAN,SURAU AS-SYAHADAH SG JAN,27000,JERANTUT,Tiada maklumat,Tiada maklumat
PAHANG,SURAU AS-SYARIF TAMAN TAS (SJ),SURAU AS-SYARIF TAMAN TAS 25000 KUANTAN PAHANG DARUL MAKMUR,25000,KUANTAN,Tiada maklumat,Tiada maklumat
PAHANG,SURAU SEKOLAH MENENGAH AGAMA AL-IHSAN ,SURAU SEKOLAH AGAMA AL-IHSAN,25000,KUANTAN,Tiada maklumat,Tiada maklumat
PAHANG,SURAU AR RAUDHAH TAMAN GURU (SJ),TAMAN GURU BATU 4,Tiada maklumat,KUANTAN,Tiada maklumat,Tiada maklumat
PAHANG,SURAU AL-AMIN (SJ),"TAMAN SAMUDERA, BALOK PERDANA, 26100 KUANTAN.",26100,KUANTAN,Tiada maklumat,Tiada maklumat
PAHANG,SURAU TAMAN SRI MAHKOTA AMAN (SJ),TAMAN SRI MAHKOTA AMAN,Tiada maklumat,KUANTAN,Tiada maklumat,Tiada maklumat
PAHANG,SURAU UITM RAUB,UITM KAMPUS RAUB,27600,RAUB,Tiada maklumat,Tiada maklumat
PAHANG,SURAU UITM KAMPUS RAUB,"UITM KAMPUS RAUB
RAUB, PAHANG",27600,Tiada maklumat,Tiada maklumat,Tiada maklumat
N. SEMBILAN,SURAU SEKOLAH MENENGAH TEKNIK KUALA KLAWANG,"71600 JELEBU, NEGERI SEMBILAN",71600,JELEBU,Tiada maklumat,Tiada maklumat
N. SEMBILAN,SURAU 14 RAMD,73400 GEMAS,73400,TAMPIN,Tiada maklumat,Tiada maklumat
N. SEMBILAN,SURAU 21 RAD,73400 GEMAS,73400,TAMPIN,Tiada maklumat,Tiada maklumat
N. SEMBILAN,SURAU KELPIN ESTATE,BAHAU,Tiada maklumat,JEMPOL,Tiada maklumat,Tiada maklumat
N. SEMBILAN,KOMANDAN KEM SERI PERKASA,"BATU 8, JALAN SEREMBAN MANTIN, MANTIN MUKIM SENTUL, 71700 SEREMBAN",71700,SEREMBAN,Tiada maklumat,Tiada maklumat
N. SEMBILAN,SURAU HJ MOHAMAD MUSA,"FASA 1, BANDAR SEREMBAN SELATAN, SUNGAI GADUT, SEREMBAN",71450,SEREMBAN,016-3366635,Tiada maklumat
N. SEMBILAN,SURAU GARDEN HOMES FASA F,"GARDEN HOMES FASA F, SEREMBAN 2, 70300 SEREMBAN N.SEMBILAN",70300,SEREMBAN,Tiada maklumat,Tiada maklumat
N. SEMBILAN,SURAU IKBN CHEMBONG,"INSTITUT KEMAHIRAN BELIA CHEMBONG,PEDAS",71400,REMBAU,Tiada maklumat,Tiada maklumat
N. SEMBILAN,SURAU INSTITUT KEMAHIRAN BELIA NEGARA,"INSTITUT LATIAHAN BELIA NEGARA CHEMBUNG, 71300 REMBAU, NEGERI SEMBILAN",71300,REMBAU,Tiada maklumat,Tiada maklumat
N. SEMBILAN,SURAU PENJARA,"INTITUSI PERMULIHAN DADAH,  JABATAN PENJARA MALAYSIA, TITI",71650,JELEBU,Tiada maklumat,Tiada maklumat
N. SEMBILAN,SURAU SEK MEN KEB AGAMA SHEIKH HJ MOHD SAID,"JALAN TUNKU KHURSIAH, SEREMBAN",70400,SEREMBAN,06-7623778,Tiada maklumat
N. SEMBILAN,SURAU KG. ESOK,"KAMPUNG ESOK, TITI",71650,SEREMBAN,Tiada maklumat,Tiada maklumat
N. SEMBILAN,SURAU LADANG AYER HITAM,"LADANG AYER HITAM, JEMPOL, NEGERI SEMBILAN",72120,JEMPOL,Tiada maklumat,Tiada maklumat
N. SEMBILAN,SURAU MRSM JELEBU,"MAKTAB RENDAH SAINS MARA JELEBU, KUALA KLAWANG",71600,JELEBU,Tiada maklumat,Tiada maklumat
N. SEMBILAN,MUSOLLA SEKOLAH MENENGAH AGAMA SAINS REMBAU,"MUSOLLA SEKOLAH MENENGAH AGAMA SAINS REMBAU,
",71400,REMBAU,Tiada maklumat,Tiada maklumat
N. SEMBILAN,PUSAT ISLAM POLITEKNIK PORT DICKSON,"POLITEKNIK PORT DICKSON, KM 14, JALAN  PANTAI, 71050 SI RUSA, PORT DICKSON",71050,PORT DICKSON,Tiada maklumat,Tiada maklumat
N. SEMBILAN,"SURAU SEK. MEN AGAMA PERSEKUTUAN, LABU","SEKOLAH MENENGAH AGAMA PERSEKUTUAN LABU, SEREMBAN",71900,SEREMBAN,Tiada maklumat,Tiada maklumat
N. SEMBILAN,SURAU SEK. DATO' ABDUL RAZAK,"SUNGAI GADUT, 71450 SEREMBAN NEGERI SEMBILAN",71450,SEREMBAN,Tiada maklumat,Tiada maklumat
N. SEMBILAN,SURAU TAMAN BAHAU,"TAMAN BAHAU, BAHAU",72100,JEMPOL,Tiada maklumat,Tiada maklumat
N. SEMBILAN,SURAU YAYASAN SOFA,YAYASAN SOFA ,71350,REMBAU,Tiada maklumat,Tiada maklumat
MELAKA,SURAU REHABILITASI ( PERKESO ),SURAU REHABILITASI ( PERKESO ),Tiada maklumat,ALOR GAJAH,Tiada maklumat,Tiada maklumat
MELAKA,SURAU KOMANDOR,KEM TERENDAK MELAKA,Tiada maklumat,MELAKA TENGAH,Tiada maklumat,Tiada maklumat
MELAKA,SURAU UNI KUALA LUMPUR ( MICET ),"KG CHERANA PUTIH,MELAKA",74530,ALOR GAJAH,Tiada maklumat,Tiada maklumat
MELAKA,SURAU KOLEJ MATRIKULASI ,LONDANG MELAKA,Tiada maklumat,ALOR GAJAH,Tiada maklumat,Tiada maklumat
MELAKA,SURAU  DUSUN DATUK MURAD,"PENJARA DUSUN DATUK MURAD, MELAKA",75420,MELAKA TENGAH,Tiada maklumat,Tiada maklumat
MELAKA,SURAU SEK HENRY GURNEY,"SEK HENRY GURNEY, MELAKA",75460,MELAKA TENGAH,Tiada maklumat,Tiada maklumat
MELAKA,SURAU PUSAT KOREKSIONAL,"SEKOLAH HENDRY GURNEY LIPAT KAJANG, JASIN MELAKA",Tiada maklumat,JASIN,Tiada maklumat,Tiada maklumat
MELAKA,SURAU MULTIMEDIA BUKIT BERUANG,SURAU MULTIMEDIA BUKIT BERUANG MELAKA,75450,Tiada maklumat,Tiada maklumat,Tiada maklumat
MELAKA,SURAU PUSPEN TAMPIN MELAKA,SURAU PUSPEN TAMPIN MELAKA,Tiada maklumat,Tiada maklumat,Tiada maklumat,Tiada maklumat
MELAKA,SURAU PUSPEN,"TIANG DUA, MELAKA",Tiada maklumat,MELAKA TENGAH,Tiada maklumat,Tiada maklumat
KEDAH,SURAU TAMAN ANGSANA,SURAU TAMAN ANGSANA,Tiada maklumat,KULIM,Tiada maklumat,Tiada maklumat
KEDAH,SURAU MRSM MERBOK,SURAU MRSM MERBOK,8000,KUALA MUDA,Tiada maklumat,Tiada maklumat
KEDAH,SURAU PETRONAS FITELIZE,GURUN KEDAH,8600,KUALA MUDA,Tiada maklumat,Tiada maklumat
KEDAH,SURAU INNABAH PONDOK REMAJA 1 MALAYSIA,"JABBAR SUUH, MUKIM PADANG TEMAK,
06300 KUALA NERANG, KEDAH",6300,PADANG TERAP,047823996,047823996
KEDAH,SURAU JAMEK BUKIT MALUT,"KAMPUNG BUKIT MALUT, MUKIM ULU MELAKA, LANGKAWI",7000,LANGKAWI,Tiada maklumat,Tiada maklumat
KEDAH,SURAU PADANG LUDAP,KAMPUNG PADANG LUDAP,600,KUBANG PASU,Tiada maklumat,Tiada maklumat
KEDAH,SURAU KEM LAPANGAN TERBANG,KEM SUNGAI LAYAR,Tiada maklumat,KUALA MUDA,Tiada maklumat,Tiada maklumat
KEDAH,SURAU KEM SULTAN ABDUL HALIM,"KEM TENTERA
TOK JALAI
KEPALA BATAS
06200 KEPALA BATAS.",6200,KUBANG PASU,Tiada maklumat,Tiada maklumat
KEDAH,SURAU KG DARAT,KG DARAT MK PADANG PERAHU JITRA KEDAH ,6000,KUBANG PASU,Tiada maklumat,Tiada maklumat
KEDAH,SURAU KOLEJ TENTERA UDARA,"KOLEJ TENTERA UDARA,
BUKIT PINANG,
06200 KEPALA BATAS",6200,KOTA SETAR,Tiada maklumat,Tiada maklumat
KEDAH,SURAU ADTEC MAHANG,"LOT 635 JALAN MAHANG 
KARANGAN",9500,KULIM,04 4042975,04 4042971
KEDAH,SURAU JAMEK TLDM (MAWILLA),MARKAZ TLDM BUKIT MALUT,7000,LANGKAWI,Tiada maklumat,Tiada maklumat
KEDAH,SURAU UITM,MERBOK KEDAH,8600,KUALA MUDA,Tiada maklumat,Tiada maklumat
KEDAH,SURAU PENJARA,"PENJARA ALOR SETAR
05100 ALOR SETAR.",5100,KOTA SETAR,Tiada maklumat,Tiada maklumat
KEDAH,SURAU PENJARA,"PENJARA POKOK SENA
06400 POKOK SENA.",6400,POKOK SENA (DAERAH KECIL),Tiada maklumat,Tiada maklumat
KEDAH,SURAU PENJARA SUNGAI PETANI,PENJARA SUNGAI PETANI,8000,KUALA MUDA,Tiada maklumat,Tiada maklumat
KEDAH,SURAU PERWAJA,PERWAJA GURUN KEDAH,8600,KUALA MUDA,Tiada maklumat,Tiada maklumat
KEDAH,SURAU POLITEKNIK SULTANAH BAHIYAH KULIM,"POLITEKNIK SULTANAH BAHIYAH KULIM
KULIM HI-TECH PARK",9000,KULIM,04 4033333,04 4033033
KEDAH,SURAU JAMEK PULAPOL,"PUSAT LATIHAN POLIS
CAWANGAN LANGKAWI
LANGKAWI KEDAH DARUL AMAN",7100,LANGKAWI,Tiada maklumat,Tiada maklumat
KEDAH,SURAU AR-RAHMAN,PUSAT SERENTI KARANGAN / PADANG KELIAN,9700,KULIM,Tiada maklumat,Tiada maklumat
KEDAH,"SURAU CCRC, SERDANG","SURAU CCRC, SERDANG",9800,BANDAR BAHARU,Tiada maklumat,Tiada maklumat
KEDAH,SURAU AL HUDA,TAMAN DESA AMAN,9410,KULIM,Tiada maklumat,Tiada maklumat
KEDAH,SURAU AL-MUNAWWARAH,TAMAN KTC 4,Tiada maklumat,KULIM,Tiada maklumat,Tiada maklumat
JOHOR,SURAU TUAN HAJI FAKIR,SURAU TUAN HAJI FAKIR,Tiada maklumat,BATU PAHAT,Tiada maklumat,Tiada maklumat
JOHOR,AL-HIJRAH,AL-HIJRAH,Tiada maklumat,Tiada maklumat,Tiada maklumat,Tiada maklumat
JOHOR,AL-WAHDAH,AL-WAHDAH,Tiada maklumat,Tiada maklumat,Tiada maklumat,Tiada maklumat
JOHOR,MASJID LAMA AL-HIDAYAH ,MASJID LAMA AL-HIDAYAH ,Tiada maklumat,Tiada maklumat,Tiada maklumat,Tiada maklumat
JOHOR,SURAU AL-FALAH,SURAU AL-FALAH,Tiada maklumat,Tiada maklumat,Tiada maklumat,Tiada maklumat
JOHOR,"SURAU AL-MUTTAQIN, TAMAN KOTA JAYA","SURAU AL-MUTTAQIN, TAMAN KOTA JAYA",Tiada maklumat,Tiada maklumat,Tiada maklumat,Tiada maklumat
JOHOR,SURAU AL-TARBIAH,SURAU AL-TARBIAH,Tiada maklumat,Tiada maklumat,Tiada maklumat,Tiada maklumat
JOHOR,SURAU PAYA DALAM KKB,SURAU PAYA DALAM KKB,Tiada maklumat,Tiada maklumat,Tiada maklumat,Tiada maklumat
JOHOR,SURAU LADANG KUMPULAN MELAYU,"81900 KOTA TINGGI, JOHOR",81900,KOTA TINGGI,Tiada maklumat,Tiada maklumat
JOHOR,SURAU ADTECH,BATU PAHAT,Tiada maklumat,BATU PAHAT,Tiada maklumat,Tiada maklumat
JOHOR,SURAU BAITURRAHMAN ( MUKIM TANGKAK),"D/A PEKAN SAGIL 84020
SAGIL TANGKAK",84020,TANGKAK,0196547058,Tiada maklumat
JOHOR,AL-AMIN,"IBU PEJABAT POLIS DAERAH KULAIJAYA,.",Tiada maklumat,KULAI,019-6911854,Tiada maklumat
JOHOR,SURAU AL-AMIN IPD,"IBU PEJABAT POLIS DAERAH KULAIJAYA,KULAIJAYA,JOHOR.",81000,Tiada maklumat,Tiada maklumat,Tiada maklumat
JOHOR,SURAU UMAR ABDUL AZIZ,JALAN ENGGANG BANDAR PUTRA,81000,Tiada maklumat,  012-7717329,Tiada maklumat
JOHOR,SURAU INDIA MUSLIM,"JALAN MENTOL,
85000  SEGAMAT",85000,SEGAMAT,Tiada maklumat,Tiada maklumat
JOHOR,SURAU AL-ITQAN ILP MERSING,"JALAN MERSING-KOTA TINGGI,
86800 MERSING JOHOR
",86800,MERSING,Tiada maklumat,Tiada maklumat
JOHOR,SURAU AR-RAHMAN,"JALAN MOLEK 3/19, TAMAN MOLEK",81100,JOHOR BAHRU,Tiada maklumat,Tiada maklumat
JOHOR,ITTIHAT PERJIRANAN 9,"JALAN PERJIRANAN 9, PASIR GUDANG",Tiada maklumat,JOHOR BAHRU,Tiada maklumat,Tiada maklumat
JOHOR,SURAU JANNATUL FIRDAUS/ SURAU TMN MOLEK,"JALAN PERSIARAN MOLEK 2/23, TAMAN MOLEK",81100,JOHOR BAHRU,Tiada maklumat,Tiada maklumat
JOHOR,"SURAU AR-RAUDHAH AS-SAKINAH,PULAI EMAS","JALAN PULAI EMAS 2/14,SKUDAI",81300,KULAI,019-7596388,Tiada maklumat
JOHOR,SURAU AS SABIRIN,JALAN RUMBIA 44 TMN DAYA,81100,JOHOR BAHRU,Tiada maklumat,Tiada maklumat
JOHOR,SURAU TAMAN BEROLEH,"JALAN SELADANG, TAMAN BEROLEH,              
MUKIM SIMPANG KANAN, BATU PAHAT",83000,BATU PAHAT,Tiada maklumat,Tiada maklumat
JOHOR,SURAU AT-TAUFIQIYAH TAMAN MEWAH,"JALAN SELENDANG,TAMAN MEWAH,KULAIJAYA",81010,KULAI,019-7149861,Tiada maklumat
JOHOR,SURAU TMN PLENTONG BARU,JLN BUNGA SEROJA TMN PLENTONG BARU 81750 JOHOR BAHRU,81750,JOHOR BAHRU,Tiada maklumat,Tiada maklumat
JOHOR,SURAU AZ-ZAKIRIN,JLN LADING TMN PUTRI WANGSA ULU TIRAM 81800 JOHOR BAHRU,Tiada maklumat,JOHOR BAHRU,Tiada maklumat,Tiada maklumat
JOHOR,SURAU AN NUR,JLN LARKIN PERDANA 3 JOHOR BAHRU,Tiada maklumat,JOHOR BAHRU,Tiada maklumat,Tiada maklumat
JOHOR,SURAU AL-BARAKAH,"JLN MAWAR 19, TMN MAWAR PASIR GUDANG",81700,JOHOR BAHRU,Tiada maklumat,Tiada maklumat
JOHOR,SURAU AL- HIDAYAH,JLN PEKAKA PERLING TAMAN PERLING,81200,JOHOR BAHRU,Tiada maklumat,Tiada maklumat
JOHOR,SURAU TMN PULAI PERDANA,"JLN PERSISIRAN PERDANA 3
81300 JOHOR BAHRU",Tiada maklumat,JOHOR BAHRU,Tiada maklumat,Tiada maklumat
JOHOR,SURAU TAMAN BUKIT INDAH,JLN. INDAH 5/8 TAMPOI,81200,JOHOR BAHRU,Tiada maklumat,Tiada maklumat
JOHOR,SURAU SUTERA,"JLN. SUTERA HIJAU
TMN. SERI SUTERA PERLING",81200,JOHOR BAHRU,Tiada maklumat,Tiada maklumat
JOHOR,SURAU PAYA LEMPAH,KAMPUNG PAYA LEMPAH LENGA,Tiada maklumat,Tiada maklumat,Tiada maklumat,Tiada maklumat
JOHOR,PERMATA HIKMAH,KAMPUNG TEBING RUNTUH,Tiada maklumat,JOHOR BAHRU,Tiada maklumat,Tiada maklumat
JOHOR,SURAU DARUL HIDAYAH LADANG TUNJUK LAUT,"KB NO 517,
81900 KOTA TINGGI JOHOR",81900,KOTA TINGGI,Tiada maklumat,Tiada maklumat
JOHOR,SURAU PAHLAWAN,"KEM ASKAR MELAYU DIRAJA
BATU 3, JALAN MERSING 
KLUANG",86000,Tiada maklumat,Tiada maklumat,Tiada maklumat
JOHOR,SURAU PAHLAWAN,"KEM BATU 3, JALAN MERSING",86000,Tiada maklumat,Tiada maklumat,Tiada maklumat
JOHOR,SURAU PAHLAWAN,"KEM BATU 3,
JALAN MERSING.
KLUANG, JOHOR",86000,KLUANG,077771242,Tiada maklumat
JOHOR,SURAU PAHLAWAN 5 RAMD,"KEM BT 3
86000 KLUANG",Tiada maklumat,Tiada maklumat,Tiada maklumat,Tiada maklumat
JOHOR,"SURAU KG. LAGENDA DARAT, ","KG LAGENDA DARAT, GELANG PATAH",Tiada maklumat,JOHOR BAHRU,Tiada maklumat,Tiada maklumat
JOHOR,SURAU BULATAN,KG. MELAYU MAJIDEE,81100,JOHOR BAHRU,Tiada maklumat,Tiada maklumat
JOHOR,SURAU BURHANUDDIN PT SAKAI JALAN JONID,KG. PT SAKAI LAUT,Tiada maklumat,MUAR,Tiada maklumat,Tiada maklumat
JOHOR,SURAU PULAPOL,"KM 6, JLN JEMENTAH, 85200 SEGAMAT",85200,SEGAMAT,Tiada maklumat,Tiada maklumat
JOHOR,SURAU DARUL ULUM LADANG REM,KULIM (M) BERHAD LADANG REM 81900 KOTA TINGGI JOHOR,81900,KOTA TINGGI,Tiada maklumat,Tiada maklumat
JOHOR,"SURAU TUNKU AMPUAN MAIMUNAH,MADOS","LADANG MADOS,
LENGGOR, 86700 MERSING",Tiada maklumat,MERSING,Tiada maklumat,Tiada maklumat
JOHOR,SURAU LADANG MUNGKA,"LADANG MUNGKA
KB 524, 85009
SEGAMAT",85009,SEGAMAT,019-7344514,Tiada maklumat
JOHOR,SURAU DARUL GHUFRAN LADANG PASIR LOGOK,"LADANG PASIR LOGOK K.B 504
81900 KOTA TINGGI",81900,KOTA TINGGI,Tiada maklumat,Tiada maklumat
JOHOR,SURAU LADANG AL MUKMIN,"LADANG SIMPANG LOI, BULOH KASAP, 85000 SEGAMAT",85000,SEGAMAT,Tiada maklumat,Tiada maklumat
JOHOR,SURAU YPJ LDG PAYA MUNIS,LDG. PAYA MUNIS SELATAN,86800,MERSING,Tiada maklumat,Tiada maklumat
JOHOR,SURAU KARANGKRAF,"LOT 3 JALAN RENGGAM 15/5 SEKSYEN 15,",40200,Tiada maklumat,Tiada maklumat,Tiada maklumat
JOHOR,SURAU BAITURAHMAN,"PEKAN SAGIL, JALAN SEGAMAT",Tiada maklumat,Tiada maklumat,Tiada maklumat,Tiada maklumat
JOHOR,SURAU TMN IMPIAN EMAS,PERSIARAN EMAS TMN IMPIAN EMAS SKUDAI 81300 JOHOR BAHRU,Tiada maklumat,JOHOR BAHRU,Tiada maklumat,Tiada maklumat
JOHOR,"SURAU MUMIN BEE, ","PERUMAHAN IMEGRESEN, FLAT KENANGAN 6, TAMPOI",Tiada maklumat,JOHOR BAHRU,Tiada maklumat,Tiada maklumat
JOHOR,SURAU NURUL YAQIN TAMAN SRI SAUJANA,PTD 12495 JALAN 2/4 TAMAN SRI SAUJANA ,81900,Tiada maklumat,Tiada maklumat,Tiada maklumat
JOHOR,SURAU NURUL YAQIN TAMAN SRI SAUJANA,"PTD 12495 JALAN 2/4 TAMAN SRI SAUJANA
KOTA TINGGI JOHOR",81900,KOTA TINGGI,Tiada maklumat,Tiada maklumat
JOHOR,SURAU NURUL YAQIN TAMAN SRI SAUJANA,"PTD 12495 JALAN 2/4
TAMAN SRI SAUJANA
81900 KOTA TINGGI JOHOR.",81900,Tiada maklumat,Tiada maklumat,Tiada maklumat
JOHOR,SURAU AS SYAKIRIN ,PUSAT  PEMUULIHAN AKHLAK JALAN SALLEH ,84000,Tiada maklumat,Tiada maklumat,Tiada maklumat
JOHOR,SURAU PULAPOL,"PUSAT LATIHAN POLIS SEGAMAT
BULOH KASAP SEGAMAT",85000,Tiada maklumat,Tiada maklumat,Tiada maklumat
JOHOR,"SURAU AS SYAKIRIN,",PUSAT PEMULIHAN AKHLAK JALAN SALEH MUAR,84000,Tiada maklumat,Tiada maklumat,Tiada maklumat
JOHOR,SURAU AS SYAKIRIN PUSAT PEMULIHAN AKHLAK,PUSAT PEMULIHAN AKHLAK JALAN SALLEH MUAR,84000,Tiada maklumat,0197812453,Tiada maklumat
JOHOR,SURAU AS SYAKIRIN PUSAT PEMULIHAN AKHLAK,PUSAT PEMULIHAN AKHLAK JALAN SALLEH MUAR,84000,Tiada maklumat,Tiada maklumat,Tiada maklumat
JOHOR,SURAU KG ORANG ASLI,"SIMPANG ARANG, 81550 GELANG PATAH, JOHOR",81550,JOHOR BAHRU,Tiada maklumat,Tiada maklumat
JOHOR,"SURAU NURU HAQ,LADANG HADAPAN.","SURAU NURU HAQ,LADANG HADAPAN,,
81850 LAYANG-LAYANG,
JOHOR.",81850,KULAI,017-7132755,Tiada maklumat
JOHOR,SURAU TAMAN ILHAM,TAMAN ILHAM JALAN MERSING KLUANG JOHOR,86000,KLUANG,Tiada maklumat,Tiada maklumat
JOHOR,SURAU IMPIAN EMAS FASA 2,TAMAN IMPIAN EMAS,81300,JOHOR BAHRU,Tiada maklumat,Tiada maklumat
JOHOR,SURAU HELWATU IMAN,"TAMAN MANIS,
KELAPA SAWIT,
KULAIJAYA,JOHOR.
",81030,Tiada maklumat,0187761886,Tiada maklumat
JOHOR,SURAU HELWATUL IMAN,"TAMAN MANIS,
KELAPA SAWIT,
KULAIJAYA.",81030,Tiada maklumat,0197761886,Tiada maklumat
JOHOR,SURAU AL-ISLAH,"TAMAN MEWAH
85300 LABIS
SEGAMAT",85300,SEGAMAT,07-9255678,Tiada maklumat
JOHOR,"SURAU AL-ABRAR,TAMAN MUHIBAH","TAMAN MUHIBAH,
SALENG, SENAI",81400,KULAI,013-7202377,Tiada maklumat
JOHOR,SURAU TAMAN NUSA PRINTIS 1,TAMAN NUSA PRINTIS GELANG PATAH,81150,JOHOR BAHRU,Tiada maklumat,Tiada maklumat
JOHOR,SURAU RIBATUL MUSLIMIN,"TAMAN SERI SULONG, MUKIM 4, PARIT SULONG",83500,BATU PAHAT,Tiada maklumat,Tiada maklumat
JOHOR,TANJUNG PUTERI RESORT,"TAMAN TANJUNG PUTERI, PASIR PUTIH ",Tiada maklumat,JOHOR BAHRU,Tiada maklumat,Tiada maklumat
JOHOR,SURAU AL-HIDAYAH,"TAMAN TITIWANGSA
JALAN RENGGAM
KLUANG",86000,KLUANG,Tiada maklumat,Tiada maklumat
JOHOR,"SURAU AL-EHSAN,TAMAN WAWASAN",TAMAN WAWASAN KELAPA SAWIT,81030,Tiada maklumat,0137384324,Tiada maklumat
JOHOR,SURAU AL-EHSAN TAMAN WAWASAN,"TAMAN WAWASAN, KELAPA SAWIT,KULAIJAYA.",81030,KULAI,017-7389627,Tiada maklumat
JOHOR,TAMAN BUKIT MUTIARA,TMN BUKIT MUTIARA,Tiada maklumat,JOHOR BAHRU,Tiada maklumat,Tiada maklumat
JOHOR,SURAU NURUSSALAM,"TMN PULAI INDAH 
81300 JOHOR BAHRU",Tiada maklumat,JOHOR BAHRU,Tiada maklumat,Tiada maklumat
JOHOR,SURAU NURUL FALAH SETIA INDAH,"TMN. SETIA INDAH
TEBRAU",81100,JOHOR BAHRU,Tiada maklumat,Tiada maklumat
